s,t,o,h,l,c,v
ok,2024-01-02 08:00:00,0.48,0.48,0.48,0.48,200
ok,2024-01-02 09:00:00,0.45,0.45,0.44,0.45,6886
ok,2024-01-02 10:00:00,0.49,0.49,0.49,0.49,217
ok,2024-01-02 12:30:00,0.48,0.48,0.48,0.48,971
ok,2024-01-02 13:00:00,0.49,0.49,0.49,0.49,338
ok,2024-01-02 13:30:00,0.49,0.49,0.49,0.49,328
ok,2024-01-02 14:00:00,0.49,0.49,0.49,0.49,300
ok,2024-01-02 14:30:00,0.49,0.49,0.49,0.49,2777
ok,2024-01-02 15:00:00,0.49,0.49,0.48,0.48,11223
ok,2024-01-02 15:30:00,0.48,0.48,0.48,0.48,2491
ok,2024-01-02 17:30:00,0.5,0.5,0.5,0.5,500
ok,2024-01-02 19:30:00,0.5,0.52,0.47,0.47,1656
ok,2024-01-03 08:30:00,0.47,0.47,0.47,0.47,487
ok,2024-01-03 10:30:00,0.48,0.49,0.48,0.49,741
ok,2024-01-03 11:00:00,0.48,0.48,0.48,0.48,2000
ok,2024-01-03 11:30:00,0.49,0.49,0.48,0.48,1485
ok,2024-01-03 12:00:00,0.48,0.48,0.48,0.48,1000
ok,2024-01-03 13:00:00,0.47,0.47,0.46,0.46,2246
ok,2024-01-03 13:30:00,0.48,0.48,0.48,0.48,1200
ok,2024-01-03 14:30:00,0.48,0.48,0.48,0.48,100
ok,2024-01-03 19:00:00,0.5,0.5,0.5,0.5,994
ok,2024-01-04 08:00:00,0.48,0.48,0.48,0.48,100
ok,2024-01-04 09:00:00,0.48,0.48,0.48,0.48,140
ok,2024-01-04 09:30:00,0.48,0.48,0.47,0.47,437
ok,2024-01-04 10:30:00,0.46,0.46,0.45,0.45,4213
ok,2024-01-04 12:30:00,0.48,0.48,0.47,0.47,8194
ok,2024-01-04 13:30:00,0.48,0.48,0.48,0.48,2100
ok,2024-01-04 15:00:00,0.48,0.48,0.48,0.48,209
ok,2024-01-04 15:30:00,0.48,0.48,0.46,0.47,1726
ok,2024-01-04 17:30:00,0.46,0.46,0.46,0.46,347
ok,2024-01-04 18:00:00,0.46,0.46,0.46,0.46,298
ok,2024-01-05 07:00:00,0.48,0.48,0.48,0.48,100
ok,2024-01-05 09:30:00,0.47,0.48,0.47,0.48,450
ok,2024-01-05 10:00:00,0.46,0.46,0.46,0.46,1210
ok,2024-01-05 10:30:00,0.46,0.46,0.45,0.46,312
ok,2024-01-05 11:00:00,0.45,0.45,0.45,0.45,1000
ok,2024-01-05 11:30:00,0.45,0.45,0.45,0.45,1805
ok,2024-01-05 12:00:00,0.46,0.46,0.46,0.46,676
ok,2024-01-05 12:30:00,0.46,0.46,0.45,0.45,8081
ok,2024-01-05 13:00:00,0.47,0.47,0.47,0.47,2592
ok,2024-01-05 15:30:00,0.46,0.46,0.46,0.46,249
ok,2024-01-08 09:30:00,0.44,0.44,0.44,0.44,222
ok,2024-01-08 10:00:00,0.44,0.44,0.44,0.44,2370
ok,2024-01-08 10:30:00,0.44,0.44,0.44,0.44,1306
ok,2024-01-08 11:00:00,0.44,0.44,0.44,0.44,1313
ok,2024-01-08 11:30:00,0.43,0.43,0.43,0.43,367
ok,2024-01-08 12:00:00,0.43,0.43,0.43,0.43,1503
ok,2024-01-08 12:30:00,0.43,0.43,0.4,0.4,10610
ok,2024-01-08 13:00:00,0.4,0.42,0.39,0.42,16171
ok,2024-01-08 13:30:00,0.42,0.42,0.42,0.42,402
ok,2024-01-08 14:00:00,0.42,0.42,0.41,0.41,5565
ok,2024-01-08 14:30:00,0.41,0.41,0.41,0.41,8156
ok,2024-01-08 15:00:00,0.41,0.41,0.41,0.41,3370
ok,2024-01-08 15:30:00,0.41,0.41,0.41,0.41,2854
ok,2024-01-09 09:30:00,0.41,0.41,0.41,0.41,1751
ok,2024-01-09 10:00:00,0.41,0.41,0.4,0.4,2778
ok,2024-01-09 10:30:00,0.41,0.41,0.41,0.41,1205
ok,2024-01-09 11:00:00,0.41,0.41,0.4,0.41,1300
ok,2024-01-09 13:00:00,0.41,0.41,0.41,0.41,1500
ok,2024-01-09 13:30:00,0.4,0.4,0.4,0.4,5000
ok,2024-01-09 14:30:00,0.41,0.41,0.4,0.4,837
ok,2024-01-09 15:00:00,0.41,0.41,0.41,0.41,443
ok,2024-01-09 15:30:00,0.41,0.42,0.41,0.41,11586
ok,2024-01-10 11:00:00,0.41,0.41,0.41,0.41,200
ok,2024-01-10 13:00:00,0.4,0.41,0.4,0.41,995
ok,2024-01-10 13:30:00,0.41,0.41,0.41,0.41,128
ok,2024-01-10 14:00:00,0.41,0.41,0.4,0.4,451
ok,2024-01-10 15:00:00,0.4,0.4,0.4,0.4,863
ok,2024-01-10 15:30:00,0.4,0.41,0.4,0.41,664
ok,2024-01-10 16:30:00,0.41,0.41,0.41,0.41,100
ok,2024-01-10 17:00:00,0.4,0.4,0.4,0.4,124
ok,2024-01-11 09:30:00,0.41,0.41,0.4,0.4,569
ok,2024-01-11 10:00:00,0.4,0.4,0.4,0.4,364
ok,2024-01-11 10:30:00,0.41,0.41,0.4,0.4,200
ok,2024-01-11 15:00:00,0.41,0.41,0.41,0.41,325
ok,2024-01-11 15:30:00,0.41,0.41,0.4,0.41,1577
ok,2024-01-12 09:30:00,0.41,0.41,0.41,0.41,1895
ok,2024-01-12 10:00:00,0.41,0.41,0.41,0.41,600
ok,2024-01-12 11:00:00,0.41,0.41,0.41,0.41,100
ok,2024-01-12 11:30:00,0.41,0.41,0.41,0.41,100
ok,2024-01-12 12:30:00,0.41,0.41,0.41,0.41,1082
ok,2024-01-12 13:00:00,0.41,0.41,0.41,0.41,145
ok,2024-01-12 13:30:00,0.41,0.41,0.41,0.41,100
ok,2024-01-12 14:00:00,0.4,0.41,0.33,0.38,90304
ok,2024-01-12 15:00:00,0.41,0.41,0.41,0.41,100
ok,2024-01-12 15:30:00,0.39,0.39,0.35,0.38,29694
ok,2024-01-16 08:00:00,0.38,0.38,0.37,0.37,820
ok,2024-01-16 09:30:00,0.38,0.38,0.37,0.38,2993
ok,2024-01-16 11:00:00,0.37,0.37,0.37,0.37,743
ok,2024-01-16 11:30:00,0.37,0.37,0.37,0.37,659
ok,2024-01-16 12:00:00,0.37,0.37,0.35,0.35,21702
ok,2024-01-16 12:30:00,0.37,0.38,0.36,0.38,1353
ok,2024-01-16 13:00:00,0.38,0.38,0.38,0.38,4656
ok,2024-01-16 13:30:00,0.38,0.38,0.38,0.38,1004
ok,2024-01-16 14:00:00,0.38,0.38,0.38,0.38,5969
ok,2024-01-16 15:00:00,0.37,0.37,0.36,0.36,6709
ok,2024-01-16 15:30:00,0.36,0.37,0.36,0.36,4065
ok,2024-01-16 16:30:00,0.36,0.36,0.36,0.36,300
ok,2024-01-17 09:30:00,0.36,0.36,0.33,0.34,9108
ok,2024-01-17 10:00:00,0.36,0.36,0.34,0.34,5700
ok,2024-01-17 10:30:00,0.34,0.35,0.34,0.35,4622
ok,2024-01-17 11:00:00,0.34,0.36,0.34,0.36,988
ok,2024-01-17 11:30:00,0.35,0.35,0.34,0.34,200
ok,2024-01-17 12:00:00,0.35,0.35,0.35,0.35,200
ok,2024-01-17 12:30:00,0.36,0.36,0.34,0.34,1500
ok,2024-01-17 13:00:00,0.36,0.36,0.33,0.33,6832
ok,2024-01-17 13:30:00,0.36,0.36,0.33,0.33,1419
ok,2024-01-17 15:00:00,0.35,0.36,0.33,0.33,3908
ok,2024-01-17 15:30:00,0.34,0.34,0.33,0.33,3772
ok,2024-01-17 17:30:00,0.35,0.35,0.35,0.35,250
ok,2024-01-18 08:00:00,0.34,0.34,0.34,0.34,146
ok,2024-01-18 09:30:00,0.33,0.36,0.33,0.36,4085
ok,2024-01-18 10:00:00,0.35,0.35,0.34,0.34,929
ok,2024-01-18 10:30:00,0.34,0.34,0.34,0.34,376
ok,2024-01-18 11:00:00,0.34,0.35,0.34,0.35,7652
ok,2024-01-18 11:30:00,0.34,0.34,0.34,0.34,1856
ok,2024-01-18 12:00:00,0.35,0.37,0.34,0.34,33198
ok,2024-01-18 12:30:00,0.35,0.35,0.35,0.35,500
ok,2024-01-18 13:00:00,0.35,0.35,0.34,0.34,16829
ok,2024-01-18 13:30:00,0.35,0.36,0.35,0.36,11750
ok,2024-01-18 14:30:00,0.36,0.36,0.35,0.35,810
ok,2024-01-18 15:00:00,0.35,0.35,0.35,0.35,500
ok,2024-01-18 15:30:00,0.35,0.35,0.34,0.34,1399
ok,2024-01-19 09:30:00,0.34,0.35,0.33,0.35,2550
ok,2024-01-19 10:30:00,0.34,0.34,0.34,0.34,648
ok,2024-01-19 11:30:00,0.34,0.35,0.34,0.35,443
ok,2024-01-19 12:00:00,0.35,0.36,0.35,0.36,41451
ok,2024-01-19 12:30:00,0.36,0.36,0.36,0.36,12396
ok,2024-01-19 13:00:00,0.36,0.36,0.29,0.32,80607
ok,2024-01-19 13:30:00,0.32,0.32,0.32,0.32,1083
ok,2024-01-19 14:00:00,0.32,0.33,0.32,0.33,5473
ok,2024-01-19 14:30:00,0.33,0.33,0.33,0.33,300
ok,2024-01-19 15:00:00,0.33,0.33,0.32,0.33,8415
ok,2024-01-19 15:30:00,0.33,0.33,0.32,0.32,869
ok,2024-01-19 17:00:00,0.32,0.32,0.32,0.32,224
ok,2024-01-22 08:30:00,0.31,0.31,0.31,0.31,100
ok,2024-01-22 09:30:00,0.31,0.32,0.31,0.32,927
ok,2024-01-22 10:30:00,0.31,0.32,0.31,0.32,3200
ok,2024-01-22 11:00:00,0.32,0.32,0.32,0.32,200
ok,2024-01-22 11:30:00,0.32,0.32,0.31,0.32,8503
ok,2024-01-22 12:00:00,0.31,0.31,0.29,0.29,5250
ok,2024-01-22 12:30:00,0.3,0.31,0.3,0.31,552
ok,2024-01-22 13:00:00,0.31,0.31,0.31,0.31,100
ok,2024-01-22 13:30:00,0.31,0.31,0.3,0.3,4012
ok,2024-01-22 14:00:00,0.3,0.3,0.3,0.3,1081
ok,2024-01-22 14:30:00,0.3,0.3,0.3,0.3,100
ok,2024-01-22 15:00:00,0.3,0.31,0.3,0.3,8588
ok,2024-01-22 15:30:00,0.3,0.31,0.3,0.31,4616
ok,2024-01-22 17:00:00,0.31,0.31,0.31,0.31,3225
ok,2024-01-23 09:00:00,0.3,0.3,0.3,0.3,188
ok,2024-01-23 09:30:00,0.3,0.3,0.29,0.3,9820
ok,2024-01-23 10:00:00,0.3,0.3,0.29,0.3,10752
ok,2024-01-23 11:30:00,0.3,0.3,0.3,0.3,425
ok,2024-01-23 12:30:00,0.29,0.3,0.29,0.3,8272
ok,2024-01-23 13:30:00,0.3,0.3,0.29,0.29,1103
ok,2024-01-23 14:00:00,0.3,0.3,0.3,0.3,443
ok,2024-01-23 14:30:00,0.3,0.3,0.3,0.3,200
ok,2024-01-23 15:00:00,0.3,0.3,0.3,0.3,1496
ok,2024-01-23 15:30:00,0.3,0.31,0.3,0.3,16566
ok,2024-01-24 09:00:00,0.31,0.31,0.31,0.31,100
ok,2024-01-24 09:30:00,0.3,0.3,0.29,0.3,18979
ok,2024-01-24 10:00:00,0.29,0.29,0.28,0.28,123565
ok,2024-01-24 10:30:00,0.28,0.28,0.28,0.28,13148
ok,2024-01-24 11:00:00,0.28,0.28,0.28,0.28,2224
ok,2024-01-24 11:30:00,0.28,0.28,0.28,0.28,515
ok,2024-01-24 12:30:00,0.28,0.28,0.28,0.28,298
ok,2024-01-24 13:00:00,0.28,0.28,0.28,0.28,1154
ok,2024-01-24 14:30:00,0.28,0.28,0.28,0.28,14688
ok,2024-01-24 15:00:00,0.28,0.28,0.28,0.28,14889
ok,2024-01-24 15:30:00,0.28,0.28,0.28,0.28,6306
ok,2024-01-24 19:00:00,0.28,0.28,0.28,0.28,200
ok,2024-01-25 09:00:00,0.28,0.28,0.28,0.28,1441
ok,2024-01-25 09:30:00,0.28,0.28,0.26,0.27,8944
ok,2024-01-25 10:00:00,0.27,0.27,0.27,0.27,1365
ok,2024-01-25 10:30:00,0.27,0.27,0.27,0.27,1407
ok,2024-01-25 11:00:00,0.27,0.27,0.27,0.27,732
ok,2024-01-25 11:30:00,0.27,0.27,0.27,0.27,930
ok,2024-01-25 12:00:00,0.27,0.27,0.27,0.27,763
ok,2024-01-25 12:30:00,0.27,0.27,0.27,0.27,2100
ok,2024-01-25 13:00:00,0.27,0.27,0.27,0.27,100
ok,2024-01-25 13:30:00,0.27,0.27,0.27,0.27,1449
ok,2024-01-25 14:30:00,0.27,0.27,0.27,0.27,306
ok,2024-01-25 15:00:00,0.27,0.27,0.27,0.27,3304
ok,2024-01-25 15:30:00,0.27,0.27,0.26,0.26,7165
ok,2024-01-25 17:30:00,0.27,0.27,0.27,0.27,100
ok,2024-01-25 18:00:00,0.27,0.28,0.27,0.28,2100
ok,2024-01-26 08:00:00,0.27,0.27,0.27,0.27,4837
ok,2024-01-26 09:30:00,0.26,0.26,0.25,0.25,3535
ok,2024-01-26 10:00:00,0.26,0.26,0.26,0.26,3735
ok,2024-01-26 10:30:00,0.26,0.26,0.26,0.26,8563
ok,2024-01-26 11:00:00,0.26,0.27,0.26,0.27,14150
ok,2024-01-26 11:30:00,0.27,0.27,0.27,0.27,390
ok,2024-01-26 12:00:00,0.27,0.27,0.27,0.27,200
ok,2024-01-26 12:30:00,0.27,0.28,0.27,0.28,62686
ok,2024-01-26 13:00:00,0.28,0.28,0.27,0.28,9200
ok,2024-01-26 13:30:00,0.28,0.28,0.28,0.28,8107
ok,2024-01-26 14:00:00,0.28,0.28,0.28,0.28,9177
ok,2024-01-26 14:30:00,0.28,0.28,0.28,0.28,12583
ok,2024-01-26 15:00:00,0.28,0.29,0.28,0.29,47903
ok,2024-01-26 15:30:00,0.29,0.32,0.27,0.28,445677
ok,2024-01-26 16:00:00,0.31,0.44,0.28,0.29,67543
ok,2024-01-26 16:30:00,0.29,0.29,0.28,0.28,5428
ok,2024-01-26 17:00:00,0.28,0.28,0.28,0.28,306
ok,2024-01-26 18:00:00,0.3,0.3,0.3,0.3,1700
ok,2024-01-26 18:30:00,0.28,0.28,0.28,0.28,10020
ok,2024-01-29 07:00:00,0.28,0.31,0.28,0.31,1634
ok,2024-01-29 07:30:00,0.31,0.31,0.31,0.31,252
ok,2024-01-29 08:00:00,0.32,0.32,0.28,0.28,1349
ok,2024-01-29 09:00:00,0.28,0.29,0.28,0.28,3810
ok,2024-01-29 09:30:00,0.27,0.28,0.27,0.28,74771
ok,2024-01-29 10:00:00,0.28,0.28,0.27,0.27,2867
ok,2024-01-29 10:30:00,0.27,0.27,0.27,0.27,825
ok,2024-01-29 11:00:00,0.27,0.27,0.26,0.26,69127
ok,2024-01-29 11:30:00,0.27,0.27,0.26,0.26,400
ok,2024-01-29 12:00:00,0.26,0.27,0.26,0.26,2184
ok,2024-01-29 12:30:00,0.27,0.28,0.27,0.28,4483
ok,2024-01-29 13:00:00,0.28,0.28,0.28,0.28,1000
ok,2024-01-29 13:30:00,0.28,0.28,0.27,0.28,7388
ok,2024-01-29 14:00:00,0.28,0.28,0.26,0.26,5453
ok,2024-01-29 14:30:00,0.26,0.27,0.26,0.27,8503
ok,2024-01-29 15:00:00,0.28,0.28,0.27,0.27,10100
ok,2024-01-29 16:00:00,0.27,0.27,0.27,0.27,500
ok,2024-01-29 19:00:00,0.26,0.26,0.26,0.26,100
ok,2024-01-30 08:00:00,0.26,0.27,0.24,0.26,2121
ok,2024-01-30 09:00:00,0.27,0.27,0.27,0.27,200
ok,2024-01-30 09:30:00,0.27,0.27,0.26,0.27,11976
ok,2024-01-30 10:00:00,0.26,0.27,0.26,0.27,6723
ok,2024-01-30 10:30:00,0.27,0.27,0.27,0.27,1262
ok,2024-01-30 11:00:00,0.27,0.27,0.27,0.27,2660
ok,2024-01-30 11:30:00,0.27,0.27,0.26,0.27,493
ok,2024-01-30 12:30:00,0.27,0.27,0.27,0.27,1290
ok,2024-01-30 13:00:00,0.27,0.28,0.27,0.27,25635
ok,2024-01-30 13:30:00,0.27,0.27,0.27,0.27,2251
ok,2024-01-30 14:00:00,0.27,0.27,0.26,0.26,17000
ok,2024-01-30 14:30:00,0.27,0.27,0.27,0.27,600
ok,2024-01-30 15:00:00,0.26,0.27,0.26,0.26,7570
ok,2024-01-30 15:30:00,0.26,0.27,0.26,0.27,920
ok,2024-01-30 16:30:00,0.26,0.26,0.26,0.26,2000
ok,2024-01-31 07:30:00,0.26,0.26,0.26,0.26,100
ok,2024-01-31 09:30:00,0.27,0.28,0.26,0.26,3262
ok,2024-01-31 10:00:00,0.26,0.26,0.26,0.26,200
ok,2024-01-31 10:30:00,0.26,0.26,0.26,0.26,6827
ok,2024-01-31 11:00:00,0.26,0.26,0.26,0.26,3669
ok,2024-01-31 11:30:00,0.26,0.26,0.25,0.26,9918
ok,2024-01-31 12:00:00,0.25,0.27,0.25,0.27,24424
ok,2024-01-31 12:30:00,0.26,0.26,0.26,0.26,274
ok,2024-01-31 13:30:00,0.27,0.27,0.27,0.27,754
ok,2024-01-31 14:00:00,0.27,0.27,0.26,0.26,921
ok,2024-01-31 14:30:00,0.27,0.27,0.26,0.26,1100
ok,2024-01-31 15:00:00,0.26,0.26,0.26,0.26,5038
ok,2024-01-31 15:30:00,0.26,0.26,0.26,0.26,1974
ok,2024-01-31 16:00:00,0.25,0.25,0.25,0.25,2098
ok,2024-01-31 17:30:00,0.26,0.26,0.25,0.25,1224
ok,2024-02-01 09:30:00,0.25,0.26,0.25,0.26,6257
ok,2024-02-01 10:00:00,0.26,0.26,0.26,0.26,700
ok,2024-02-01 10:30:00,0.26,0.26,0.26,0.26,778
ok,2024-02-01 11:00:00,0.26,0.26,0.26,0.26,508
ok,2024-02-01 11:30:00,0.26,0.26,0.25,0.25,984
ok,2024-02-01 12:00:00,0.26,0.26,0.26,0.26,1078
ok,2024-02-01 12:30:00,0.26,0.26,0.26,0.26,3300
ok,2024-02-01 13:00:00,0.25,0.26,0.25,0.25,2823
ok,2024-02-01 14:00:00,0.26,0.26,0.26,0.26,209
ok,2024-02-01 14:30:00,0.26,0.26,0.26,0.26,1178
ok,2024-02-01 15:00:00,0.25,0.25,0.24,0.25,17357
ok,2024-02-01 15:30:00,0.25,0.26,0.25,0.26,601
ok,2024-02-01 19:00:00,0.26,0.26,0.26,0.26,3000
ok,2024-02-02 08:00:00,0.26,0.26,0.26,0.26,100
ok,2024-02-02 08:30:00,0.26,0.26,0.26,0.26,1000
ok,2024-02-02 09:30:00,0.24,0.25,0.24,0.25,60116
ok,2024-02-02 10:00:00,0.25,0.25,0.24,0.25,4398
ok,2024-02-02 11:00:00,0.26,0.26,0.26,0.26,400
ok,2024-02-02 11:30:00,0.25,0.26,0.25,0.26,464
ok,2024-02-02 13:00:00,0.26,0.26,0.26,0.26,303
ok,2024-02-02 13:30:00,0.25,0.25,0.25,0.25,300
ok,2024-02-02 14:00:00,0.26,0.26,0.26,0.26,240
ok,2024-02-02 14:30:00,0.26,0.26,0.26,0.26,631
ok,2024-02-05 08:30:00,0.26,0.26,0.26,0.26,950
ok,2024-02-05 09:30:00,0.26,0.26,0.24,0.24,23573
ok,2024-02-05 10:00:00,0.25,0.25,0.23,0.23,17012
ok,2024-02-05 10:30:00,0.24,0.24,0.21,0.22,47500
ok,2024-02-05 11:00:00,0.21,0.23,0.21,0.23,13967
ok,2024-02-05 11:30:00,0.23,0.23,0.22,0.22,25670
ok,2024-02-05 12:30:00,0.22,0.23,0.22,0.23,1300
ok,2024-02-05 13:00:00,0.23,0.23,0.23,0.23,5348
ok,2024-02-05 13:30:00,0.23,0.24,0.23,0.24,12313
ok,2024-02-05 14:00:00,0.24,0.24,0.24,0.24,10800
ok,2024-02-05 14:30:00,0.24,0.24,0.24,0.24,700
ok,2024-02-05 15:30:00,0.24,0.24,0.24,0.24,5519
ok,2024-02-06 08:00:00,0.24,0.24,0.24,0.24,735
ok,2024-02-06 09:30:00,0.23,0.24,0.22,0.24,8422
ok,2024-02-06 11:30:00,0.24,0.24,0.24,0.24,2750
ok,2024-02-06 12:30:00,0.24,0.24,0.24,0.24,1558
ok,2024-02-06 13:00:00,0.24,0.24,0.24,0.24,210
ok,2024-02-06 13:30:00,0.24,0.24,0.24,0.24,719
ok,2024-02-06 14:00:00,0.24,0.24,0.24,0.24,627
ok,2024-02-06 14:30:00,0.24,0.24,0.24,0.24,8031
ok,2024-02-06 15:30:00,0.24,0.24,0.24,0.24,936
ok,2024-02-07 09:30:00,0.24,0.24,0.24,0.24,16529
ok,2024-02-07 10:00:00,0.24,0.24,0.24,0.24,300
ok,2024-02-07 10:30:00,0.24,0.24,0.24,0.24,1300
ok,2024-02-07 11:00:00,0.24,0.24,0.24,0.24,621
ok,2024-02-07 11:30:00,0.24,0.24,0.24,0.24,209
ok,2024-02-07 13:00:00,0.24,0.24,0.24,0.24,107
ok,2024-02-07 15:00:00,0.24,0.24,0.24,0.24,1034
ok,2024-02-07 16:30:00,0.24,0.24,0.24,0.24,9467
ok,2024-02-08 09:30:00,0.24,0.24,0.24,0.24,3457
ok,2024-02-08 10:00:00,0.24,0.24,0.24,0.24,1275
ok,2024-02-08 11:30:00,0.24,0.24,0.24,0.24,200
ok,2024-02-08 12:00:00,0.24,0.24,0.24,0.24,3468
ok,2024-02-08 12:30:00,0.24,0.24,0.24,0.24,1067
ok,2024-02-08 13:00:00,0.24,0.24,0.24,0.24,1000
ok,2024-02-08 14:00:00,0.24,0.24,0.24,0.24,1200
ok,2024-02-08 15:00:00,0.24,0.24,0.24,0.24,1607
ok,2024-02-08 15:30:00,0.24,0.24,0.24,0.24,811
ok,2024-02-09 09:00:00,0.25,0.25,0.25,0.25,5000
ok,2024-02-09 09:30:00,0.24,0.24,0.24,0.24,500
ok,2024-02-09 10:00:00,0.24,0.24,0.24,0.24,4067
ok,2024-02-09 10:30:00,0.24,0.25,0.24,0.25,64358
ok,2024-02-09 11:00:00,0.24,0.24,0.24,0.24,13200
ok,2024-02-09 11:30:00,0.24,0.24,0.24,0.24,1200
ok,2024-02-09 12:00:00,0.24,0.25,0.24,0.24,3980
ok,2024-02-09 12:30:00,0.24,0.25,0.24,0.24,1711
ok,2024-02-09 13:00:00,0.25,0.25,0.25,0.25,410
ok,2024-02-09 13:30:00,0.23,0.24,0.23,0.24,1699
ok,2024-02-09 14:00:00,0.25,0.25,0.25,0.25,1000
ok,2024-02-09 14:30:00,0.24,0.24,0.24,0.24,601
ok,2024-02-09 15:00:00,0.25,0.25,0.23,0.23,5922
ok,2024-02-09 15:30:00,0.23,0.23,0.23,0.23,3163
ok,2024-02-09 17:30:00,0.25,0.25,0.25,0.25,1000
ok,2024-02-09 19:30:00,0.26,0.28,0.26,0.28,7039
ok,2024-02-12 07:00:00,0.25,0.28,0.25,0.28,1196
ok,2024-02-12 08:00:00,0.25,0.28,0.25,0.28,1258
ok,2024-02-12 08:30:00,0.26,0.27,0.26,0.27,305
ok,2024-02-12 09:00:00,0.26,0.27,0.25,0.25,22523
ok,2024-02-12 09:30:00,0.24,0.25,0.24,0.24,126767
ok,2024-02-12 10:00:00,0.24,0.24,0.23,0.23,19148
ok,2024-02-12 10:30:00,0.23,0.24,0.22,0.23,14725
ok,2024-02-12 11:00:00,0.23,0.23,0.22,0.23,28604
ok,2024-02-12 11:30:00,0.22,0.23,0.22,0.23,5798
ok,2024-02-12 12:00:00,0.23,0.24,0.22,0.23,10050
ok,2024-02-12 13:00:00,0.24,0.24,0.24,0.24,18285
ok,2024-02-12 13:30:00,0.24,0.24,0.24,0.24,7534
ok,2024-02-12 14:00:00,0.23,0.24,0.23,0.24,609
ok,2024-02-12 14:30:00,0.23,0.23,0.23,0.23,772
ok,2024-02-12 15:00:00,0.23,0.24,0.23,0.23,9027
ok,2024-02-12 15:30:00,0.23,0.24,0.23,0.23,5164
ok,2024-02-12 16:30:00,0.23,0.23,0.23,0.23,1715
ok,2024-02-13 04:00:00,0.23,0.23,0.23,0.23,271
ok,2024-02-13 08:00:00,0.24,0.24,0.24,0.24,100
ok,2024-02-13 08:30:00,0.24,0.24,0.24,0.24,311
ok,2024-02-13 09:30:00,0.24,0.24,0.22,0.23,14219
ok,2024-02-13 10:00:00,0.23,0.23,0.23,0.23,310
ok,2024-02-13 10:30:00,0.22,0.22,0.22,0.22,180
ok,2024-02-13 11:00:00,0.22,0.23,0.22,0.22,4857
ok,2024-02-13 11:30:00,0.23,0.23,0.23,0.23,2200
ok,2024-02-13 12:00:00,0.22,0.22,0.22,0.22,4880
ok,2024-02-13 13:00:00,0.23,0.23,0.23,0.23,100
ok,2024-02-13 13:30:00,0.25,0.25,0.25,0.25,6404
ok,2024-02-13 14:00:00,0.25,0.25,0.25,0.25,100
ok,2024-02-13 15:00:00,0.25,0.25,0.23,0.23,573
ok,2024-02-13 15:30:00,0.22,0.24,0.22,0.24,12797
ok,2024-02-14 08:00:00,0.24,0.24,0.24,0.24,325
ok,2024-02-14 09:30:00,0.23,0.23,0.22,0.22,9975
ok,2024-02-14 10:00:00,0.23,0.23,0.22,0.22,139985
ok,2024-02-14 10:30:00,0.22,0.23,0.22,0.22,13964
ok,2024-02-14 11:00:00,0.22,0.22,0.22,0.22,628
ok,2024-02-14 11:30:00,0.22,0.23,0.22,0.22,8726
ok,2024-02-14 12:00:00,0.22,0.24,0.22,0.22,13440
ok,2024-02-14 13:00:00,0.24,0.24,0.22,0.23,45351
ok,2024-02-14 13:30:00,0.22,0.22,0.22,0.22,52040
ok,2024-02-14 14:00:00,0.22,0.22,0.22,0.22,53126
ok,2024-02-14 14:30:00,0.22,0.23,0.22,0.22,2100
ok,2024-02-14 15:00:00,0.22,0.24,0.22,0.23,28369
ok,2024-02-14 15:30:00,0.22,0.23,0.22,0.22,27216
ok,2024-02-14 16:30:00,0.22,0.22,0.22,0.22,5000
ok,2024-02-15 07:30:00,0.22,0.22,0.22,0.22,986
ok,2024-02-15 08:00:00,0.22,0.22,0.22,0.22,1024
ok,2024-02-15 09:00:00,0.22,0.22,0.22,0.22,1000
ok,2024-02-15 09:30:00,0.23,0.23,0.22,0.23,9904
ok,2024-02-15 10:00:00,0.22,0.23,0.21,0.21,21192
ok,2024-02-15 10:30:00,0.21,0.22,0.21,0.22,5531
ok,2024-02-15 11:00:00,0.22,0.22,0.22,0.22,1000
ok,2024-02-15 11:30:00,0.22,0.22,0.22,0.22,23048
ok,2024-02-15 12:00:00,0.22,0.22,0.22,0.22,8158
ok,2024-02-15 12:30:00,0.22,0.22,0.22,0.22,5000
ok,2024-02-15 13:00:00,0.22,0.22,0.22,0.22,2027
ok,2024-02-15 13:30:00,0.22,0.23,0.22,0.23,4500
ok,2024-02-15 14:00:00,0.23,0.23,0.23,0.23,4009
ok,2024-02-15 14:30:00,0.22,0.22,0.22,0.22,1000
ok,2024-02-15 15:00:00,0.23,0.23,0.23,0.23,301
ok,2024-02-15 15:30:00,0.23,0.23,0.22,0.23,5501
ok,2024-02-15 16:30:00,0.22,0.22,0.21,0.21,2174
ok,2024-02-16 08:00:00,0.21,0.23,0.21,0.22,2336
ok,2024-02-16 09:30:00,0.23,0.23,0.21,0.21,10645
ok,2024-02-16 10:00:00,0.21,0.24,0.21,0.21,4327
ok,2024-02-16 10:30:00,0.22,0.22,0.21,0.21,2460
ok,2024-02-16 11:00:00,0.21,0.23,0.21,0.21,15764
ok,2024-02-16 11:30:00,0.22,0.22,0.21,0.21,24728
ok,2024-02-16 12:00:00,0.21,0.22,0.21,0.22,2012
ok,2024-02-16 12:30:00,0.22,0.22,0.21,0.22,7681
ok,2024-02-16 13:00:00,0.23,0.23,0.22,0.22,46722
ok,2024-02-16 13:30:00,0.23,0.25,0.23,0.24,26492
ok,2024-02-16 14:00:00,0.24,0.25,0.22,0.23,18283
ok,2024-02-16 14:30:00,0.24,0.24,0.24,0.24,100
ok,2024-02-16 15:00:00,0.24,0.24,0.24,0.24,5299
ok,2024-02-16 15:30:00,0.24,0.24,0.23,0.24,13446
ok,2024-02-16 16:00:00,0.24,0.24,0.24,0.24,1288
ok,2024-02-16 17:00:00,0.24,0.24,0.24,0.24,500
ok,2024-02-16 17:30:00,0.24,0.24,0.24,0.24,3300
ok,2024-02-20 08:00:00,0.24,0.24,0.24,0.24,4125
ok,2024-02-20 08:30:00,0.24,0.24,0.24,0.24,302
ok,2024-02-20 09:30:00,0.24,0.25,0.24,0.24,35383
ok,2024-02-20 10:00:00,0.24,0.24,0.23,0.23,4068
ok,2024-02-20 10:30:00,0.24,0.24,0.24,0.24,500
ok,2024-02-20 11:00:00,0.24,0.24,0.22,0.23,7690
ok,2024-02-20 11:30:00,0.22,0.23,0.22,0.22,5343
ok,2024-02-20 12:00:00,0.23,0.23,0.23,0.23,4467
ok,2024-02-20 12:30:00,0.23,0.24,0.23,0.23,51430
ok,2024-02-20 13:00:00,0.23,0.24,0.23,0.24,1936
ok,2024-02-20 13:30:00,0.24,0.24,0.24,0.24,205
ok,2024-02-20 14:00:00,0.23,0.23,0.23,0.23,423
ok,2024-02-20 14:30:00,0.24,0.24,0.24,0.24,939
ok,2024-02-20 15:30:00,0.24,0.25,0.24,0.24,3440
ok,2024-02-20 18:00:00,0.24,0.25,0.24,0.25,6100
ok,2024-02-21 05:30:00,0.25,0.27,0.25,0.27,2100
ok,2024-02-21 06:00:00,0.26,0.27,0.26,0.27,798
ok,2024-02-21 06:30:00,0.26,0.27,0.26,0.26,334
ok,2024-02-21 07:00:00,0.25,0.25,0.25,0.25,300
ok,2024-02-21 08:00:00,0.25,0.26,0.25,0.26,1008
ok,2024-02-21 08:30:00,0.25,0.25,0.25,0.25,102
ok,2024-02-21 09:00:00,0.24,0.25,0.24,0.24,1625
ok,2024-02-21 09:30:00,0.25,0.25,0.25,0.25,1583
ok,2024-02-21 10:00:00,0.24,0.25,0.23,0.23,8244
ok,2024-02-21 10:30:00,0.24,0.24,0.22,0.23,13956
ok,2024-02-21 11:00:00,0.23,0.23,0.22,0.22,39594
ok,2024-02-21 11:30:00,0.22,0.23,0.22,0.22,11776
ok,2024-02-21 12:00:00,0.23,0.23,0.21,0.22,24328
ok,2024-02-21 12:30:00,0.22,0.22,0.22,0.22,2342
ok,2024-02-21 13:00:00,0.22,0.22,0.22,0.22,25436
ok,2024-02-21 13:30:00,0.22,0.22,0.22,0.22,400
ok,2024-02-21 14:00:00,0.22,0.22,0.22,0.22,1413
ok,2024-02-21 14:30:00,0.22,0.22,0.22,0.22,500
ok,2024-02-21 15:00:00,0.22,0.22,0.22,0.22,3438
ok,2024-02-21 15:30:00,0.22,0.22,0.22,0.22,20187
ok,2024-02-21 16:00:00,0.22,0.22,0.22,0.22,250
ok,2024-02-21 17:30:00,0.22,0.22,0.22,0.22,505
ok,2024-02-21 18:30:00,0.22,0.22,0.22,0.22,507
ok,2024-02-21 19:00:00,0.22,0.22,0.22,0.22,250
ok,2024-02-22 09:30:00,0.23,0.23,0.22,0.22,1117
ok,2024-02-22 10:00:00,0.24,0.24,0.24,0.24,837
ok,2024-02-22 10:30:00,0.24,0.24,0.22,0.22,2577
ok,2024-02-22 11:00:00,0.22,0.22,0.22,0.22,237
ok,2024-02-22 11:30:00,0.23,0.23,0.22,0.22,30954
ok,2024-02-22 12:00:00,0.22,0.23,0.22,0.22,101242
ok,2024-02-22 12:30:00,0.22,0.23,0.22,0.22,27312
ok,2024-02-22 13:00:00,0.22,0.23,0.22,0.23,1822
ok,2024-02-22 13:30:00,0.23,0.23,0.22,0.23,1400
ok,2024-02-22 14:00:00,0.22,0.23,0.22,0.22,1012
ok,2024-02-22 14:30:00,0.24,0.24,0.22,0.23,32155
ok,2024-02-22 15:00:00,0.23,0.23,0.22,0.22,10392
ok,2024-02-22 15:30:00,0.22,0.22,0.22,0.22,1278
ok,2024-02-22 16:00:00,0.23,0.23,0.23,0.23,100
ok,2024-02-22 16:30:00,0.22,0.22,0.22,0.22,900
ok,2024-02-23 04:00:00,0.2,0.2,0.2,0.2,1000
ok,2024-02-23 08:30:00,0.22,0.22,0.22,0.22,500
ok,2024-02-23 09:00:00,0.22,0.22,0.22,0.22,3100
ok,2024-02-23 09:30:00,0.23,0.23,0.22,0.22,11528
ok,2024-02-23 10:00:00,0.22,0.23,0.22,0.22,46150
ok,2024-02-23 10:30:00,0.23,0.23,0.2,0.2,117111
ok,2024-02-23 11:00:00,0.2,0.22,0.19,0.2,70154
ok,2024-02-23 11:30:00,0.22,0.22,0.22,0.22,649
ok,2024-02-23 12:00:00,0.22,0.22,0.2,0.2,787
ok,2024-02-23 13:00:00,0.22,0.22,0.22,0.22,3212
ok,2024-02-23 13:30:00,0.22,0.23,0.22,0.23,70597
ok,2024-02-23 14:00:00,0.23,0.23,0.23,0.23,2438
ok,2024-02-23 14:30:00,0.23,0.23,0.22,0.22,5120
ok,2024-02-23 15:00:00,0.22,0.22,0.22,0.22,3000
ok,2024-02-23 15:30:00,0.22,0.23,0.22,0.22,2720
ok,2024-02-23 17:00:00,0.22,0.22,0.22,0.22,420
ok,2024-02-23 17:30:00,0.22,0.22,0.22,0.22,1379
ok,2024-02-23 18:00:00,0.24,0.24,0.24,0.24,1000
ok,2024-02-23 19:30:00,0.23,0.23,0.23,0.23,1700
ok,2024-02-26 04:00:00,0.22,0.22,0.22,0.22,398
ok,2024-02-26 08:00:00,0.22,0.23,0.22,0.23,321
ok,2024-02-26 08:30:00,0.24,0.62,0.24,0.49,7025666
ok,2024-02-26 09:00:00,0.49,0.77,0.48,0.65,17526421
ok,2024-02-26 09:30:00,0.65,0.74,0.47,0.48,30201209
ok,2024-02-26 10:00:00,0.48,0.54,0.47,0.51,9467343
ok,2024-02-26 10:30:00,0.51,0.58,0.46,0.48,12444992
ok,2024-02-26 11:00:00,0.48,0.48,0.44,0.46,4077498
ok,2024-02-26 11:30:00,0.46,0.52,0.44,0.49,4584531
ok,2024-02-26 12:00:00,0.49,0.5,0.47,0.5,2227606
ok,2024-02-26 12:30:00,0.5,0.51,0.47,0.48,2147175
ok,2024-02-26 13:00:00,0.48,0.49,0.45,0.46,899483
ok,2024-02-26 13:30:00,0.46,0.55,0.46,0.54,4066444
ok,2024-02-26 14:00:00,0.54,0.63,0.49,0.55,16094875
ok,2024-02-26 14:30:00,0.53,0.54,0.5,0.53,3030740
ok,2024-02-26 15:00:00,0.53,0.61,0.52,0.57,7257936
ok,2024-02-26 15:30:00,0.56,0.59,0.44,0.45,5952528
ok,2024-02-26 16:00:00,0.46,0.49,0.42,0.45,467078
ok,2024-02-26 16:30:00,0.45,0.47,0.44,0.46,226397
ok,2024-02-26 17:00:00,0.45,0.46,0.45,0.46,283675
ok,2024-02-26 17:30:00,0.46,0.47,0.46,0.47,69341
ok,2024-02-26 18:00:00,0.47,0.48,0.46,0.48,83187
ok,2024-02-26 18:30:00,0.48,0.48,0.47,0.47,20976
ok,2024-02-26 19:00:00,0.47,0.49,0.47,0.49,60725
ok,2024-02-26 19:30:00,0.49,0.52,0.48,0.5,146063
ok,2024-02-27 04:00:00,0.48,0.58,0.45,0.45,442400
ok,2024-02-27 04:30:00,0.45,0.46,0.42,0.42,140137
ok,2024-02-27 05:00:00,0.42,0.44,0.42,0.43,83038
ok,2024-02-27 05:30:00,0.43,0.44,0.43,0.43,21640
ok,2024-02-27 06:00:00,0.44,0.45,0.43,0.44,38680
ok,2024-02-27 06:30:00,0.44,0.47,0.44,0.44,83769
ok,2024-02-27 07:00:00,0.45,0.46,0.42,0.44,154968
ok,2024-02-27 07:30:00,0.44,0.45,0.42,0.43,83362
ok,2024-02-27 08:00:00,0.46,0.5,0.4,0.42,578104
ok,2024-02-27 08:30:00,0.44,0.44,0.41,0.42,133642
ok,2024-02-27 09:00:00,0.42,0.45,0.4,0.42,180014
ok,2024-02-27 09:30:00,0.43,0.46,0.38,0.39,1483239
ok,2024-02-27 10:00:00,0.39,0.4,0.38,0.38,544485
ok,2024-02-27 10:30:00,0.38,0.42,0.38,0.42,378213
ok,2024-02-27 11:00:00,0.42,0.42,0.38,0.4,120327
ok,2024-02-27 11:30:00,0.4,0.43,0.4,0.42,366134
ok,2024-02-27 12:00:00,0.42,0.44,0.41,0.43,196706
ok,2024-02-27 12:30:00,0.43,0.45,0.43,0.45,125946
ok,2024-02-27 13:00:00,0.44,0.49,0.44,0.48,340975
ok,2024-02-27 13:30:00,0.48,0.48,0.46,0.47,174498
ok,2024-02-27 14:00:00,0.47,0.48,0.45,0.46,196246
ok,2024-02-27 14:30:00,0.46,0.46,0.45,0.46,113412
ok,2024-02-27 15:00:00,0.46,0.48,0.46,0.47,182134
ok,2024-02-27 15:30:00,0.47,0.47,0.46,0.46,186388
ok,2024-02-27 16:00:00,0.46,0.47,0.46,0.46,38360
ok,2024-02-27 16:30:00,0.46,0.46,0.45,0.45,28123
ok,2024-02-27 17:00:00,0.47,0.47,0.47,0.47,30127
ok,2024-02-27 17:30:00,0.47,0.47,0.45,0.45,12483
ok,2024-02-27 18:30:00,0.45,0.46,0.45,0.46,505
ok,2024-02-27 19:00:00,0.45,0.45,0.4,0.42,18783
ok,2024-02-27 19:30:00,0.42,0.45,0.42,0.42,7416
ok,2024-02-28 04:00:00,0.43,0.46,0.43,0.45,2379
ok,2024-02-28 04:30:00,0.43,0.45,0.43,0.44,2011
ok,2024-02-28 05:00:00,0.43,0.43,0.43,0.43,8781
ok,2024-02-28 05:30:00,0.44,0.44,0.43,0.43,7298
ok,2024-02-28 06:00:00,0.43,0.44,0.43,0.44,1285
ok,2024-02-28 06:30:00,0.44,0.44,0.42,0.43,4126
ok,2024-02-28 07:00:00,0.43,0.43,0.41,0.42,26743
ok,2024-02-28 07:30:00,0.42,0.42,0.42,0.42,6134
ok,2024-02-28 08:00:00,0.43,0.46,0.41,0.42,111698
ok,2024-02-28 08:30:00,0.42,0.43,0.42,0.42,17547
ok,2024-02-28 09:00:00,0.42,0.42,0.42,0.42,39068
ok,2024-02-28 09:30:00,0.43,0.44,0.38,0.39,383242
ok,2024-02-28 10:00:00,0.39,0.4,0.38,0.4,215585
ok,2024-02-28 10:30:00,0.4,0.4,0.38,0.38,193312
ok,2024-02-28 11:00:00,0.39,0.42,0.38,0.41,268458
ok,2024-02-28 11:30:00,0.41,0.42,0.39,0.41,79900
ok,2024-02-28 12:00:00,0.41,0.41,0.39,0.41,77261
ok,2024-02-28 12:30:00,0.41,0.41,0.4,0.41,72693
ok,2024-02-28 13:00:00,0.41,0.43,0.4,0.43,155807
ok,2024-02-28 13:30:00,0.43,0.43,0.42,0.43,49901
ok,2024-02-28 14:00:00,0.43,0.43,0.42,0.43,41961
ok,2024-02-28 14:30:00,0.42,0.43,0.42,0.43,138394
ok,2024-02-28 15:00:00,0.43,0.44,0.42,0.44,171613
ok,2024-02-28 15:30:00,0.42,0.43,0.4,0.41,111884
ok,2024-02-28 16:00:00,0.4,0.41,0.39,0.4,16174
ok,2024-02-28 16:30:00,0.39,0.41,0.39,0.39,4461
ok,2024-02-28 17:00:00,0.4,0.4,0.39,0.39,1254
ok,2024-02-28 17:30:00,0.4,0.41,0.4,0.41,4044
ok,2024-02-28 18:00:00,0.41,0.41,0.41,0.41,2857
ok,2024-02-28 18:30:00,0.41,0.41,0.41,0.41,4199
ok,2024-02-28 19:00:00,0.41,0.41,0.41,0.41,165
ok,2024-02-28 19:30:00,0.41,0.43,0.41,0.42,5623
ok,2024-02-29 04:00:00,0.41,0.42,0.39,0.42,8182
ok,2024-02-29 04:30:00,0.39,0.39,0.39,0.39,257
ok,2024-02-29 05:00:00,0.39,0.39,0.39,0.39,2564
ok,2024-02-29 05:30:00,0.39,0.39,0.39,0.39,200
ok,2024-02-29 06:00:00,0.39,0.39,0.39,0.39,451
ok,2024-02-29 06:30:00,0.39,0.39,0.39,0.39,3753
ok,2024-02-29 07:00:00,0.39,0.39,0.39,0.39,619
ok,2024-02-29 07:30:00,0.41,0.41,0.4,0.4,1227
ok,2024-02-29 08:00:00,0.39,0.42,0.39,0.4,19857
ok,2024-02-29 08:30:00,0.4,0.42,0.39,0.39,69627
ok,2024-02-29 09:00:00,0.39,0.42,0.39,0.4,10867
ok,2024-02-29 09:30:00,0.41,0.41,0.38,0.4,205541
ok,2024-02-29 10:00:00,0.4,0.4,0.39,0.39,64278
ok,2024-02-29 10:30:00,0.39,0.4,0.38,0.39,70445
ok,2024-02-29 11:00:00,0.39,0.39,0.38,0.38,26930
ok,2024-02-29 11:30:00,0.38,0.39,0.38,0.38,29133
ok,2024-02-29 12:00:00,0.39,0.39,0.38,0.39,27936
ok,2024-02-29 12:30:00,0.39,0.4,0.38,0.38,17119
ok,2024-02-29 13:00:00,0.39,0.4,0.39,0.39,31288
ok,2024-02-29 13:30:00,0.39,0.4,0.39,0.39,16859
ok,2024-02-29 14:00:00,0.39,0.4,0.39,0.39,27167
ok,2024-02-29 14:30:00,0.4,0.4,0.39,0.39,83736
ok,2024-02-29 15:00:00,0.39,0.39,0.38,0.39,54810
ok,2024-02-29 15:30:00,0.39,0.39,0.38,0.38,110714
ok,2024-02-29 16:00:00,0.38,0.4,0.38,0.39,66513
ok,2024-02-29 16:30:00,0.38,0.4,0.34,0.4,71086
ok,2024-02-29 17:00:00,0.4,0.4,0.37,0.37,1851
ok,2024-02-29 17:30:00,0.35,0.37,0.33,0.35,30055
ok,2024-02-29 18:00:00,0.36,0.38,0.36,0.36,2630
ok,2024-02-29 18:30:00,0.36,0.36,0.35,0.35,8318
ok,2024-02-29 19:00:00,0.35,0.36,0.35,0.36,5267
ok,2024-02-29 19:30:00,0.36,0.36,0.36,0.36,5695
ok,2024-03-01 04:00:00,0.37,0.37,0.35,0.35,1600
ok,2024-03-01 05:00:00,0.35,0.35,0.35,0.35,123
ok,2024-03-01 06:00:00,0.37,0.37,0.37,0.37,500
ok,2024-03-01 06:30:00,0.37,0.37,0.37,0.37,818
ok,2024-03-01 08:00:00,0.36,0.38,0.35,0.35,23744
ok,2024-03-01 08:30:00,0.36,0.37,0.35,0.37,11535
ok,2024-03-01 09:00:00,0.36,0.37,0.35,0.37,8350
ok,2024-03-01 09:30:00,0.36,0.37,0.32,0.34,292722
ok,2024-03-01 10:00:00,0.34,0.35,0.33,0.34,30693
ok,2024-03-01 10:30:00,0.34,0.35,0.34,0.34,28667
ok,2024-03-01 11:00:00,0.34,0.34,0.33,0.34,59778
ok,2024-03-01 11:30:00,0.34,0.34,0.33,0.33,42531
ok,2024-03-01 12:00:00,0.34,0.34,0.33,0.34,15431
ok,2024-03-01 12:30:00,0.33,0.34,0.33,0.34,28823
ok,2024-03-01 13:00:00,0.34,0.34,0.33,0.34,21429
ok,2024-03-01 13:30:00,0.34,0.36,0.34,0.36,68952
ok,2024-03-01 14:00:00,0.36,0.37,0.35,0.36,20399
ok,2024-03-01 14:30:00,0.36,0.36,0.35,0.36,19946
ok,2024-03-01 15:00:00,0.36,0.36,0.35,0.35,27702
ok,2024-03-01 15:30:00,0.35,0.35,0.33,0.34,112869
ok,2024-03-01 16:00:00,0.34,0.34,0.34,0.34,3006
ok,2024-03-01 16:30:00,0.34,0.34,0.34,0.34,733
ok,2024-03-01 17:00:00,0.34,0.34,0.34,0.34,15219
ok,2024-03-01 17:30:00,0.34,0.34,0.34,0.34,1000
ok,2024-03-01 18:30:00,0.34,0.34,0.34,0.34,198
ok,2024-03-01 19:00:00,0.34,0.34,0.34,0.34,190
ok,2024-03-01 19:30:00,0.34,0.34,0.33,0.33,5050
ok,2024-03-04 04:00:00,0.33,0.35,0.33,0.35,1158
ok,2024-03-04 04:30:00,0.33,0.33,0.31,0.31,6164
ok,2024-03-04 05:00:00,0.33,0.33,0.33,0.33,700
ok,2024-03-04 05:30:00,0.32,0.32,0.3,0.31,3629
ok,2024-03-04 06:00:00,0.31,0.31,0.3,0.3,2582
ok,2024-03-04 06:30:00,0.3,0.32,0.3,0.3,4734
ok,2024-03-04 07:00:00,0.31,0.32,0.31,0.32,6649
ok,2024-03-04 07:30:00,0.32,0.32,0.32,0.32,500
ok,2024-03-04 08:00:00,0.31,0.33,0.31,0.32,18004
ok,2024-03-04 08:30:00,0.31,0.32,0.31,0.31,5187
ok,2024-03-04 09:00:00,0.31,0.35,0.31,0.34,28684
ok,2024-03-04 09:30:00,0.33,0.36,0.33,0.36,88318
ok,2024-03-04 10:00:00,0.36,0.37,0.32,0.33,85828
ok,2024-03-04 10:30:00,0.32,0.34,0.32,0.33,60506
ok,2024-03-04 11:00:00,0.33,0.33,0.33,0.33,35280
ok,2024-03-04 11:30:00,0.33,0.34,0.33,0.34,40315
ok,2024-03-04 12:00:00,0.34,0.34,0.33,0.33,22349
ok,2024-03-04 12:30:00,0.33,0.33,0.33,0.33,14078
ok,2024-03-04 13:00:00,0.33,0.34,0.33,0.34,10310
ok,2024-03-04 13:30:00,0.33,0.34,0.33,0.34,20206
ok,2024-03-04 14:00:00,0.33,0.33,0.33,0.33,20627
ok,2024-03-04 14:30:00,0.33,0.34,0.33,0.34,30191
ok,2024-03-04 15:00:00,0.34,0.35,0.34,0.35,18291
ok,2024-03-04 15:30:00,0.34,0.34,0.34,0.34,39128
ok,2024-03-04 16:00:00,0.34,0.34,0.34,0.34,558
ok,2024-03-04 16:30:00,0.34,0.34,0.34,0.34,758
ok,2024-03-04 17:00:00,0.34,0.34,0.34,0.34,559
ok,2024-03-04 17:30:00,0.34,0.34,0.34,0.34,3000
ok,2024-03-04 18:00:00,0.34,0.34,0.34,0.34,1265
ok,2024-03-04 18:30:00,0.35,0.35,0.34,0.34,1118
ok,2024-03-04 19:00:00,0.35,0.35,0.35,0.35,142
ok,2024-03-04 19:30:00,0.34,0.34,0.34,0.34,100
ok,2024-03-05 04:00:00,0.34,0.34,0.32,0.32,300
ok,2024-03-05 04:30:00,0.33,0.33,0.33,0.33,130
ok,2024-03-05 06:30:00,0.34,0.34,0.34,0.34,100
ok,2024-03-05 07:00:00,0.34,0.34,0.34,0.34,138
ok,2024-03-05 07:30:00,0.34,0.34,0.34,0.34,759
ok,2024-03-05 08:00:00,0.34,0.34,0.32,0.32,2178
ok,2024-03-05 08:30:00,0.33,0.34,0.32,0.32,802
ok,2024-03-05 09:30:00,0.33,0.34,0.32,0.32,43391
ok,2024-03-05 10:00:00,0.32,0.33,0.32,0.32,66897
ok,2024-03-05 10:30:00,0.32,0.32,0.3,0.31,58783
ok,2024-03-05 11:00:00,0.3,0.31,0.29,0.3,61980
ok,2024-03-05 11:30:00,0.29,0.3,0.28,0.28,71332
ok,2024-03-05 12:00:00,0.29,0.34,0.29,0.34,72190
ok,2024-03-05 12:30:00,0.34,0.34,0.3,0.3,6740
ok,2024-03-05 13:00:00,0.33,0.34,0.32,0.32,63401
ok,2024-03-05 13:30:00,0.32,0.33,0.32,0.32,12098
ok,2024-03-05 14:00:00,0.33,0.33,0.32,0.33,4676
ok,2024-03-05 14:30:00,0.32,0.33,0.32,0.32,2152
ok,2024-03-05 15:00:00,0.32,0.33,0.32,0.32,8889
ok,2024-03-05 15:30:00,0.32,0.32,0.31,0.31,41074
ok,2024-03-05 16:00:00,0.32,0.32,0.31,0.31,600
ok,2024-03-05 16:30:00,0.32,0.32,0.32,0.32,2868
ok,2024-03-05 17:00:00,0.32,0.32,0.32,0.32,1333
ok,2024-03-05 19:00:00,0.32,0.39,0.32,0.37,15227
ok,2024-03-05 19:30:00,0.37,0.38,0.35,0.35,4331
ok,2024-03-06 04:00:00,0.32,0.32,0.32,0.32,219
ok,2024-03-06 05:00:00,0.32,0.32,0.32,0.32,209
ok,2024-03-06 06:30:00,0.32,0.32,0.32,0.32,892
ok,2024-03-06 08:00:00,0.33,0.33,0.32,0.32,12993
ok,2024-03-06 08:30:00,0.33,0.35,0.32,0.32,28974
ok,2024-03-06 09:00:00,0.33,0.33,0.33,0.33,3575
ok,2024-03-06 09:30:00,0.32,0.34,0.32,0.33,37194
ok,2024-03-06 10:00:00,0.33,0.33,0.32,0.33,16981
ok,2024-03-06 10:30:00,0.33,0.33,0.32,0.32,11285
ok,2024-03-06 11:00:00,0.34,0.34,0.33,0.34,12176
ok,2024-03-06 11:30:00,0.33,0.34,0.33,0.33,2187
ok,2024-03-06 12:00:00,0.33,0.33,0.33,0.33,11713
ok,2024-03-06 12:30:00,0.33,0.33,0.33,0.33,6371
ok,2024-03-06 13:00:00,0.33,0.33,0.33,0.33,23794
ok,2024-03-06 13:30:00,0.33,0.34,0.33,0.33,3710
ok,2024-03-06 14:00:00,0.34,0.34,0.33,0.34,1690
ok,2024-03-06 14:30:00,0.34,0.34,0.33,0.34,4565
ok,2024-03-06 15:00:00,0.34,0.34,0.33,0.34,6601
ok,2024-03-06 15:30:00,0.34,0.34,0.33,0.34,9113
ok,2024-03-06 16:00:00,0.33,0.34,0.33,0.34,523
ok,2024-03-06 16:30:00,0.34,0.34,0.34,0.34,1008
ok,2024-03-06 17:00:00,0.34,0.34,0.34,0.34,119
ok,2024-03-06 18:00:00,0.34,0.34,0.34,0.34,100
ok,2024-03-06 19:00:00,0.33,0.33,0.32,0.32,566
ok,2024-03-06 19:30:00,0.31,0.31,0.31,0.31,100
ok,2024-03-07 06:30:00,0.32,0.32,0.32,0.32,256
ok,2024-03-07 07:00:00,0.32,0.32,0.32,0.32,100
ok,2024-03-07 07:30:00,0.32,0.32,0.32,0.32,604
ok,2024-03-07 08:00:00,0.32,0.32,0.32,0.32,251
ok,2024-03-07 09:00:00,0.33,0.33,0.32,0.32,2705
ok,2024-03-07 09:30:00,0.34,0.34,0.32,0.33,15711
ok,2024-03-07 10:00:00,0.33,0.35,0.32,0.32,25958
ok,2024-03-07 10:30:00,0.33,0.34,0.32,0.33,21553
ok,2024-03-07 11:00:00,0.32,0.34,0.32,0.34,9874
ok,2024-03-07 11:30:00,0.34,0.34,0.33,0.34,68506
ok,2024-03-07 12:00:00,0.34,0.34,0.34,0.34,3825
ok,2024-03-07 12:30:00,0.34,0.34,0.34,0.34,1919
ok,2024-03-07 13:00:00,0.34,0.35,0.33,0.33,15572
ok,2024-03-07 13:30:00,0.34,0.35,0.32,0.32,7426
ok,2024-03-07 14:00:00,0.32,0.34,0.32,0.33,3961
ok,2024-03-07 14:30:00,0.32,0.33,0.32,0.33,9003
ok,2024-03-07 15:00:00,0.32,0.34,0.32,0.32,5827
ok,2024-03-07 15:30:00,0.32,0.34,0.32,0.32,16705
ok,2024-03-07 16:00:00,0.34,0.34,0.34,0.34,100
ok,2024-03-07 17:00:00,0.33,0.33,0.32,0.32,1277
ok,2024-03-07 18:30:00,0.32,0.33,0.32,0.33,318
ok,2024-03-07 19:00:00,0.32,0.32,0.32,0.32,1608
ok,2024-03-07 19:30:00,0.33,0.35,0.33,0.34,4329
ok,2024-03-08 04:00:00,0.33,0.33,0.33,0.33,1510
ok,2024-03-08 04:30:00,0.33,0.33,0.33,0.33,900
ok,2024-03-08 07:00:00,0.33,0.33,0.33,0.33,629
ok,2024-03-08 08:00:00,0.33,0.33,0.33,0.33,5962
ok,2024-03-08 08:30:00,0.33,0.34,0.32,0.34,1794
ok,2024-03-08 09:00:00,0.36,0.36,0.32,0.32,356
ok,2024-03-08 09:30:00,0.33,0.34,0.33,0.34,18851
ok,2024-03-08 10:00:00,0.33,0.34,0.33,0.33,9928
ok,2024-03-08 10:30:00,0.33,0.34,0.33,0.33,2383
ok,2024-03-08 11:00:00,0.33,0.34,0.32,0.33,42848
ok,2024-03-08 11:30:00,0.34,0.34,0.32,0.32,300
ok,2024-03-08 12:00:00,0.32,0.33,0.32,0.32,4217
ok,2024-03-08 12:30:00,0.33,0.34,0.33,0.33,3440
ok,2024-03-08 13:00:00,0.33,0.34,0.33,0.33,4285
ok,2024-03-08 13:30:00,0.34,0.34,0.33,0.33,22537
ok,2024-03-08 14:00:00,0.34,0.35,0.33,0.35,41779
ok,2024-03-08 14:30:00,0.35,0.35,0.34,0.34,4873
ok,2024-03-08 15:00:00,0.34,0.34,0.34,0.34,1350
ok,2024-03-08 15:30:00,0.34,0.34,0.34,0.34,17807
ok,2024-03-08 16:30:00,0.36,0.36,0.34,0.35,654
ok,2024-03-08 17:30:00,0.34,0.35,0.34,0.35,7100
ok,2024-03-08 18:30:00,0.34,0.34,0.34,0.34,1152
ok,2024-03-11 03:00:00,0.33,0.34,0.33,0.34,425
ok,2024-03-11 05:30:00,0.34,0.34,0.34,0.34,272
ok,2024-03-11 06:00:00,0.34,0.34,0.34,0.34,350
ok,2024-03-11 07:00:00,0.34,0.34,0.34,0.34,718
ok,2024-03-11 07:30:00,0.34,0.34,0.34,0.34,383
ok,2024-03-11 08:00:00,0.34,0.34,0.34,0.34,6744
ok,2024-03-11 08:30:00,0.35,0.35,0.33,0.33,35350
ok,2024-03-11 09:00:00,0.34,0.34,0.32,0.33,13970
ok,2024-03-11 09:30:00,0.33,0.33,0.32,0.33,38738
ok,2024-03-11 10:00:00,0.33,0.35,0.33,0.34,43639
ok,2024-03-11 10:30:00,0.32,0.35,0.32,0.33,34506
ok,2024-03-11 11:00:00,0.33,0.35,0.33,0.33,4288
ok,2024-03-11 11:30:00,0.33,0.35,0.33,0.35,20671
ok,2024-03-11 12:00:00,0.33,0.35,0.33,0.34,16952
ok,2024-03-11 12:30:00,0.34,0.35,0.33,0.33,30003
ok,2024-03-11 13:00:00,0.35,0.35,0.33,0.35,10416
ok,2024-03-11 13:30:00,0.35,0.35,0.33,0.33,9003
ok,2024-03-11 14:00:00,0.35,0.35,0.33,0.33,8500
ok,2024-03-11 14:30:00,0.35,0.35,0.33,0.35,40428
ok,2024-03-11 15:30:00,0.33,0.33,0.33,0.33,200
ok,2024-03-11 16:30:00,0.33,0.33,0.33,0.33,218
ok,2024-03-11 17:00:00,0.35,0.35,0.35,0.35,101
ok,2024-03-12 05:30:00,0.33,0.33,0.33,0.33,112
ok,2024-03-12 07:00:00,0.33,0.33,0.33,0.33,2010
ok,2024-03-12 07:30:00,0.34,0.35,0.34,0.35,399
ok,2024-03-12 08:00:00,0.33,0.33,0.33,0.33,2000
ok,2024-03-12 08:30:00,0.34,0.35,0.33,0.33,17040
ok,2024-03-12 09:00:00,0.33,0.35,0.31,0.31,37580
ok,2024-03-12 09:30:00,0.31,0.32,0.31,0.32,5056
ok,2024-03-12 10:00:00,0.31,0.32,0.31,0.32,3113
ok,2024-03-12 10:30:00,0.32,0.32,0.31,0.31,26135
ok,2024-03-12 11:00:00,0.31,0.31,0.31,0.31,731
ok,2024-03-12 11:30:00,0.31,0.31,0.29,0.3,32326
ok,2024-03-12 12:00:00,0.3,0.3,0.3,0.3,2947
ok,2024-03-12 12:30:00,0.3,0.31,0.3,0.31,13662
ok,2024-03-12 13:00:00,0.31,0.31,0.31,0.31,5990
ok,2024-03-12 13:30:00,0.31,0.31,0.31,0.31,2298
ok,2024-03-12 14:00:00,0.31,0.31,0.31,0.31,3943
ok,2024-03-12 14:30:00,0.31,0.31,0.3,0.3,26377
ok,2024-03-12 15:00:00,0.3,0.3,0.29,0.29,9894
ok,2024-03-12 15:30:00,0.29,0.29,0.29,0.29,2956
ok,2024-03-12 16:00:00,0.29,0.3,0.29,0.3,4000
ok,2024-03-12 16:30:00,0.3,0.3,0.3,0.3,2718
ok,2024-03-12 17:00:00,0.3,0.3,0.3,0.3,232
ok,2024-03-12 18:00:00,0.3,0.3,0.3,0.3,1000
ok,2024-03-12 18:30:00,0.3,0.3,0.3,0.3,300
ok,2024-03-13 06:00:00,0.3,0.3,0.3,0.3,631
ok,2024-03-13 07:00:00,0.3,0.31,0.3,0.31,824
ok,2024-03-13 07:30:00,0.3,0.31,0.3,0.31,1125
ok,2024-03-13 08:00:00,0.3,0.31,0.3,0.3,1594
ok,2024-03-13 08:30:00,0.3,0.31,0.3,0.3,22787
ok,2024-03-13 09:00:00,0.3,0.31,0.3,0.3,5334
ok,2024-03-13 09:30:00,0.3,0.31,0.3,0.3,18227
ok,2024-03-13 10:00:00,0.3,0.31,0.3,0.3,7504
ok,2024-03-13 10:30:00,0.3,0.31,0.3,0.31,16476
ok,2024-03-13 11:00:00,0.31,0.31,0.31,0.31,1041
ok,2024-03-13 11:30:00,0.3,0.3,0.3,0.3,1257
ok,2024-03-13 12:00:00,0.3,0.31,0.3,0.3,7587
ok,2024-03-13 12:30:00,0.3,0.31,0.29,0.29,11059
ok,2024-03-13 13:00:00,0.29,0.3,0.29,0.3,68973
ok,2024-03-13 13:30:00,0.3,0.3,0.29,0.29,15791
ok,2024-03-13 14:00:00,0.29,0.29,0.29,0.29,23823
ok,2024-03-13 14:30:00,0.29,0.29,0.28,0.28,16406
ok,2024-03-13 15:00:00,0.28,0.28,0.28,0.28,2373
ok,2024-03-13 15:30:00,0.28,0.29,0.28,0.29,1970
ok,2024-03-13 16:00:00,0.29,0.29,0.29,0.29,12000
ok,2024-03-13 16:30:00,0.29,0.29,0.29,0.29,8175
ok,2024-03-13 17:00:00,0.3,0.3,0.3,0.3,15425
ok,2024-03-13 18:30:00,0.3,0.3,0.29,0.29,1800
ok,2024-03-14 07:00:00,0.29,0.29,0.29,0.29,345
ok,2024-03-14 07:30:00,0.29,0.29,0.29,0.29,100
ok,2024-03-14 08:00:00,0.28,0.28,0.28,0.28,174
ok,2024-03-14 08:30:00,0.29,0.29,0.25,0.26,109229
ok,2024-03-14 09:00:00,0.27,0.28,0.26,0.26,9518
ok,2024-03-14 09:30:00,0.26,0.27,0.26,0.26,3092
ok,2024-03-14 10:00:00,0.26,0.27,0.25,0.26,22375
ok,2024-03-14 10:30:00,0.26,0.26,0.26,0.26,4660
ok,2024-03-14 11:00:00,0.26,0.27,0.26,0.27,16257
ok,2024-03-14 11:30:00,0.27,0.27,0.27,0.27,8101
ok,2024-03-14 12:00:00,0.27,0.27,0.27,0.27,3351
ok,2024-03-14 12:30:00,0.27,0.27,0.27,0.27,5547
ok,2024-03-14 13:00:00,0.27,0.27,0.27,0.27,18385
ok,2024-03-14 13:30:00,0.27,0.27,0.26,0.27,14192
ok,2024-03-14 14:00:00,0.27,0.27,0.26,0.26,8487
ok,2024-03-14 14:30:00,0.26,0.26,0.25,0.26,17043
ok,2024-03-14 15:00:00,0.26,0.26,0.26,0.26,673
ok,2024-03-14 15:30:00,0.26,0.26,0.26,0.26,1669
ok,2024-03-14 16:00:00,0.26,0.26,0.26,0.26,800
ok,2024-03-14 16:30:00,0.26,0.26,0.26,0.26,391
ok,2024-03-14 17:00:00,0.26,0.26,0.26,0.26,1309
ok,2024-03-14 17:30:00,0.26,0.26,0.26,0.26,192
ok,2024-03-14 18:00:00,0.26,0.26,0.26,0.26,200
ok,2024-03-15 03:30:00,0.26,0.26,0.26,0.26,220
ok,2024-03-15 04:00:00,0.26,0.26,0.26,0.26,100
ok,2024-03-15 07:00:00,0.26,0.26,0.25,0.25,2259
ok,2024-03-15 07:30:00,0.25,0.25,0.25,0.25,1190
ok,2024-03-15 08:00:00,0.26,0.26,0.25,0.26,5300
ok,2024-03-15 08:30:00,0.25,0.26,0.25,0.25,19088
ok,2024-03-15 09:00:00,0.25,0.25,0.24,0.24,6186
ok,2024-03-15 09:30:00,0.25,0.25,0.24,0.25,5275
ok,2024-03-15 10:00:00,0.25,0.26,0.25,0.26,6551
ok,2024-03-15 10:30:00,0.26,0.26,0.26,0.26,17211
ok,2024-03-15 11:00:00,0.26,0.26,0.25,0.25,3440
ok,2024-03-15 11:30:00,0.25,0.25,0.25,0.25,20960
ok,2024-03-15 12:00:00,0.25,0.26,0.25,0.25,2052
ok,2024-03-15 12:30:00,0.26,0.26,0.26,0.26,7400
ok,2024-03-15 13:00:00,0.26,0.26,0.26,0.26,3601
ok,2024-03-15 13:30:00,0.26,0.26,0.26,0.26,6990
ok,2024-03-15 14:00:00,0.25,0.25,0.25,0.25,8782
ok,2024-03-15 14:30:00,0.25,0.26,0.25,0.25,25840
ok,2024-03-15 15:00:00,0.26,0.26,0.25,0.25,1100
ok,2024-03-15 15:30:00,0.25,0.25,0.25,0.25,500
ok,2024-03-15 17:00:00,0.25,0.25,0.25,0.25,2250
ok,2024-03-15 17:30:00,0.25,0.26,0.25,0.26,309
ok,2024-03-18 03:00:00,0.26,0.26,0.26,0.26,100
ok,2024-03-18 05:30:00,0.26,0.26,0.26,0.26,100
ok,2024-03-18 06:30:00,0.26,0.26,0.26,0.26,1177
ok,2024-03-18 07:00:00,0.26,0.26,0.26,0.26,100
ok,2024-03-18 07:30:00,0.26,0.26,0.26,0.26,200
ok,2024-03-18 08:00:00,0.26,0.26,0.26,0.26,200
ok,2024-03-18 08:30:00,0.26,0.26,0.25,0.25,16442
ok,2024-03-18 09:00:00,0.25,0.26,0.25,0.25,15197
ok,2024-03-18 09:30:00,0.25,0.26,0.25,0.26,7356
ok,2024-03-18 10:00:00,0.26,0.26,0.26,0.26,22428
ok,2024-03-18 10:30:00,0.26,0.27,0.26,0.27,7065
ok,2024-03-18 11:00:00,0.27,0.27,0.26,0.27,17260
ok,2024-03-18 11:30:00,0.26,0.27,0.26,0.27,15415
ok,2024-03-18 12:00:00,0.27,0.27,0.27,0.27,4410
ok,2024-03-18 12:30:00,0.27,0.27,0.27,0.27,3580
ok,2024-03-18 13:00:00,0.27,0.27,0.27,0.27,6680
ok,2024-03-18 13:30:00,0.27,0.27,0.26,0.26,13276
ok,2024-03-18 14:00:00,0.26,0.26,0.26,0.26,2379
ok,2024-03-18 14:30:00,0.26,0.26,0.25,0.25,14950
ok,2024-03-18 15:00:00,0.26,0.26,0.26,0.26,1470
ok,2024-03-18 15:30:00,0.25,0.25,0.25,0.25,700
ok,2024-03-19 08:30:00,0.26,0.26,0.25,0.25,8823
ok,2024-03-19 09:00:00,0.25,0.25,0.23,0.24,37888
ok,2024-03-19 09:30:00,0.25,0.25,0.23,0.25,8330
ok,2024-03-19 10:00:00,0.26,0.26,0.25,0.25,2418
ok,2024-03-19 10:30:00,0.25,0.26,0.25,0.26,6632
ok,2024-03-19 11:00:00,0.26,0.27,0.26,0.26,18671
ok,2024-03-19 11:30:00,0.26,0.26,0.26,0.26,9846
ok,2024-03-19 12:00:00,0.26,0.27,0.26,0.27,11827
ok,2024-03-19 12:30:00,0.27,0.27,0.27,0.27,4103
ok,2024-03-19 13:00:00,0.27,0.27,0.27,0.27,11322
ok,2024-03-19 13:30:00,0.27,0.27,0.27,0.27,4182
ok,2024-03-19 14:00:00,0.27,0.27,0.27,0.27,3832
ok,2024-03-19 14:30:00,0.27,0.27,0.27,0.27,14057
ok,2024-03-19 15:00:00,0.27,0.27,0.27,0.27,1100
ok,2024-03-19 16:30:00,0.27,0.28,0.27,0.27,18200
ok,2024-03-19 17:30:00,0.27,0.28,0.27,0.28,5090
ok,2024-03-19 18:00:00,0.28,0.28,0.28,0.28,500
ok,2024-03-19 18:30:00,0.28,0.28,0.28,0.28,270
ok,2024-03-20 06:00:00,0.27,0.27,0.27,0.27,183
ok,2024-03-20 07:00:00,0.27,0.28,0.27,0.28,8211
ok,2024-03-20 08:30:00,0.28,0.28,0.27,0.27,15248
ok,2024-03-20 09:00:00,0.27,0.27,0.27,0.27,14705
ok,2024-03-20 09:30:00,0.27,0.27,0.27,0.27,1762
ok,2024-03-20 10:00:00,0.27,0.27,0.26,0.26,33066
ok,2024-03-20 10:30:00,0.26,0.26,0.26,0.26,7176
ok,2024-03-20 11:00:00,0.26,0.26,0.26,0.26,9969
ok,2024-03-20 11:30:00,0.26,0.26,0.26,0.26,15572
ok,2024-03-20 12:00:00,0.26,0.26,0.26,0.26,39389
ok,2024-03-20 12:30:00,0.26,0.26,0.26,0.26,2618
ok,2024-03-20 13:00:00,0.26,0.26,0.26,0.26,5170
ok,2024-03-20 13:30:00,0.26,0.26,0.26,0.26,2498
ok,2024-03-20 14:00:00,0.26,0.26,0.26,0.26,7800
ok,2024-03-20 14:30:00,0.26,0.27,0.26,0.27,32283
ok,2024-03-20 15:00:00,0.27,0.27,0.27,0.27,200
ok,2024-03-20 18:30:00,0.27,0.27,0.27,0.27,100
ok,2024-03-21 03:00:00,0.27,0.27,0.27,0.27,400
ok,2024-03-21 03:30:00,0.27,0.28,0.27,0.28,4800
ok,2024-03-21 05:00:00,0.27,0.27,0.27,0.27,320
ok,2024-03-21 05:30:00,0.27,0.27,0.27,0.27,321
ok,2024-03-21 07:00:00,0.28,0.28,0.27,0.27,256
ok,2024-03-21 07:30:00,0.27,0.27,0.27,0.27,29656
ok,2024-03-21 08:00:00,0.27,0.27,0.27,0.27,1880
ok,2024-03-21 08:30:00,0.27,0.28,0.27,0.27,12023
ok,2024-03-21 09:00:00,0.27,0.28,0.27,0.28,9111
ok,2024-03-21 09:30:00,0.28,0.28,0.28,0.28,6624
ok,2024-03-21 10:00:00,0.28,0.28,0.28,0.28,14893
ok,2024-03-21 10:30:00,0.28,0.29,0.28,0.28,31947
ok,2024-03-21 11:00:00,0.28,0.29,0.28,0.29,5752
ok,2024-03-21 11:30:00,0.29,0.29,0.29,0.29,16036
ok,2024-03-21 12:00:00,0.29,0.29,0.28,0.28,2680
ok,2024-03-21 12:30:00,0.28,0.28,0.28,0.28,9951
ok,2024-03-21 13:00:00,0.28,0.3,0.28,0.29,49200
ok,2024-03-21 13:30:00,0.29,0.29,0.29,0.29,781
ok,2024-03-21 14:00:00,0.29,0.3,0.29,0.29,35736
ok,2024-03-21 14:30:00,0.29,0.29,0.29,0.29,14654
ok,2024-03-21 15:30:00,0.29,0.29,0.29,0.29,1600
ok,2024-03-21 16:00:00,0.29,0.29,0.29,0.29,400
ok,2024-03-21 17:30:00,0.29,0.29,0.29,0.29,500
ok,2024-03-22 04:00:00,0.29,0.29,0.29,0.29,100
ok,2024-03-22 06:30:00,0.29,0.29,0.28,0.28,500
ok,2024-03-22 07:00:00,0.29,0.29,0.29,0.29,2100
ok,2024-03-22 07:30:00,0.29,0.29,0.29,0.29,263
ok,2024-03-22 08:30:00,0.28,0.29,0.28,0.29,8502
ok,2024-03-22 09:00:00,0.29,0.29,0.29,0.29,2396
ok,2024-03-22 09:30:00,0.28,0.29,0.28,0.28,6356
ok,2024-03-22 10:00:00,0.28,0.28,0.28,0.28,5934
ok,2024-03-22 10:30:00,0.28,0.29,0.28,0.29,2333
ok,2024-03-22 11:00:00,0.29,0.29,0.29,0.29,1211
ok,2024-03-22 11:30:00,0.28,0.29,0.28,0.29,4854
ok,2024-03-22 12:00:00,0.29,0.29,0.27,0.28,27489
ok,2024-03-22 12:30:00,0.28,0.28,0.28,0.28,4310
ok,2024-03-22 13:00:00,0.28,0.28,0.28,0.28,633
ok,2024-03-22 13:30:00,0.28,0.28,0.28,0.28,1839
ok,2024-03-22 14:00:00,0.28,0.28,0.27,0.27,6586
ok,2024-03-22 14:30:00,0.27,0.27,0.27,0.27,13222
ok,2024-03-22 15:00:00,0.27,0.27,0.27,0.27,400
ok,2024-03-22 15:30:00,0.27,0.27,0.27,0.27,220
ok,2024-03-22 17:00:00,0.27,0.27,0.22,0.25,27488
ok,2024-03-22 17:30:00,0.25,0.25,0.25,0.25,3444
ok,2024-03-22 18:30:00,0.25,0.27,0.25,0.27,9051
ok,2024-03-25 03:30:00,0.27,0.27,0.27,0.27,200
ok,2024-03-25 06:00:00,0.27,0.27,0.27,0.27,425
ok,2024-03-25 06:30:00,0.27,0.27,0.27,0.27,100
ok,2024-03-25 07:00:00,0.27,0.27,0.25,0.25,456
ok,2024-03-25 07:30:00,0.27,0.27,0.27,0.27,500
ok,2024-03-25 08:00:00,0.27,0.27,0.27,0.27,400
ok,2024-03-25 08:30:00,0.27,0.27,0.26,0.27,14482
ok,2024-03-25 09:00:00,0.26,0.27,0.26,0.27,1714
ok,2024-03-25 09:30:00,0.27,0.27,0.27,0.27,2501
ok,2024-03-25 10:00:00,0.27,0.28,0.27,0.28,14734
ok,2024-03-25 10:30:00,0.28,0.29,0.28,0.29,17975
ok,2024-03-25 11:00:00,0.29,0.3,0.29,0.29,76403
ok,2024-03-25 11:30:00,0.29,0.29,0.29,0.29,11075
ok,2024-03-25 12:00:00,0.29,0.3,0.29,0.3,31316
ok,2024-03-25 12:30:00,0.3,0.32,0.3,0.31,21982
ok,2024-03-25 13:00:00,0.31,0.31,0.3,0.3,59436
ok,2024-03-25 13:30:00,0.3,0.3,0.3,0.3,7148
ok,2024-03-25 14:00:00,0.3,0.3,0.29,0.29,15053
ok,2024-03-25 14:30:00,0.29,0.29,0.29,0.29,21505
ok,2024-03-25 15:00:00,0.28,0.28,0.28,0.28,500
ok,2024-03-25 17:30:00,0.3,0.3,0.3,0.3,344
ok,2024-03-26 07:00:00,0.29,0.29,0.29,0.29,361
ok,2024-03-26 08:00:00,0.29,0.29,0.29,0.29,1326
ok,2024-03-26 08:30:00,0.29,0.29,0.28,0.29,10627
ok,2024-03-26 09:00:00,0.29,0.29,0.29,0.29,13154
ok,2024-03-26 09:30:00,0.29,0.29,0.29,0.29,3520
ok,2024-03-26 10:00:00,0.29,0.29,0.29,0.29,701
ok,2024-03-26 10:30:00,0.29,0.29,0.29,0.29,4501
ok,2024-03-26 11:00:00,0.29,0.29,0.29,0.29,6700
ok,2024-03-26 11:30:00,0.29,0.3,0.29,0.3,11461
ok,2024-03-26 12:00:00,0.3,0.3,0.29,0.29,11824
ok,2024-03-26 12:30:00,0.3,0.3,0.29,0.29,954
ok,2024-03-26 13:00:00,0.29,0.31,0.29,0.31,16293
ok,2024-03-26 13:30:00,0.3,0.31,0.3,0.3,6000
ok,2024-03-26 14:00:00,0.3,0.3,0.3,0.3,1450
ok,2024-03-26 14:30:00,0.3,0.41,0.3,0.4,1222040
ok,2024-03-26 15:00:00,0.38,0.4,0.29,0.3,559573
ok,2024-03-26 15:30:00,0.3,0.3,0.27,0.28,100256
ok,2024-03-26 16:00:00,0.28,0.3,0.28,0.29,24675
ok,2024-03-26 16:30:00,0.28,0.29,0.28,0.29,16228
ok,2024-03-26 17:00:00,0.29,0.29,0.29,0.29,5102
ok,2024-03-26 17:30:00,0.29,0.3,0.29,0.29,4808
ok,2024-03-26 18:00:00,0.29,0.3,0.29,0.3,3720
ok,2024-03-26 18:30:00,0.3,0.3,0.3,0.3,45880
ok,2024-03-27 03:00:00,0.3,0.33,0.3,0.31,26980
ok,2024-03-27 03:30:00,0.32,0.33,0.31,0.32,19070
ok,2024-03-27 04:00:00,0.32,0.33,0.31,0.32,13947
ok,2024-03-27 04:30:00,0.32,0.32,0.3,0.31,8462
ok,2024-03-27 05:00:00,0.31,0.31,0.31,0.31,625
ok,2024-03-27 05:30:00,0.3,0.31,0.3,0.31,1411
ok,2024-03-27 06:00:00,0.31,0.33,0.3,0.32,31432
ok,2024-03-27 06:30:00,0.3,0.3,0.3,0.3,587
ok,2024-03-27 07:00:00,0.31,0.33,0.3,0.3,29941
ok,2024-03-27 07:30:00,0.31,0.32,0.3,0.3,21444
ok,2024-03-27 08:00:00,0.3,0.32,0.3,0.32,20247
ok,2024-03-27 08:30:00,0.33,0.33,0.3,0.3,99921
ok,2024-03-27 09:00:00,0.3,0.33,0.3,0.32,79196
ok,2024-03-27 09:30:00,0.31,0.33,0.31,0.32,51693
ok,2024-03-27 10:00:00,0.32,0.32,0.31,0.31,5650
ok,2024-03-27 10:30:00,0.32,0.32,0.31,0.32,15403
ok,2024-03-27 11:00:00,0.32,0.32,0.31,0.31,4068
ok,2024-03-27 11:30:00,0.31,0.31,0.3,0.3,25357
ok,2024-03-27 12:00:00,0.3,0.31,0.29,0.3,34376
ok,2024-03-27 12:30:00,0.29,0.3,0.29,0.3,10099
ok,2024-03-27 13:00:00,0.3,0.31,0.3,0.3,2561
ok,2024-03-27 13:30:00,0.3,0.31,0.3,0.3,26677
ok,2024-03-27 14:00:00,0.3,0.3,0.29,0.29,40423
ok,2024-03-27 14:30:00,0.29,0.29,0.29,0.29,7656
ok,2024-03-27 15:00:00,0.29,0.3,0.29,0.3,2700
ok,2024-03-27 16:00:00,0.29,0.29,0.29,0.29,10511
ok,2024-03-27 16:30:00,0.29,0.3,0.29,0.3,3095
ok,2024-03-27 17:00:00,0.3,0.3,0.29,0.29,4607
ok,2024-03-27 17:30:00,0.3,0.3,0.29,0.29,3237
ok,2024-03-27 18:00:00,0.29,0.29,0.29,0.29,2883
ok,2024-03-27 18:30:00,0.29,0.3,0.29,0.3,1728
ok,2024-03-28 03:00:00,0.29,0.29,0.28,0.28,377
ok,2024-03-28 03:30:00,0.3,0.3,0.3,0.3,206
ok,2024-03-28 07:00:00,0.29,0.29,0.28,0.29,3240
ok,2024-03-28 07:30:00,0.29,0.29,0.29,0.29,560
ok,2024-03-28 08:00:00,0.29,0.29,0.29,0.29,5362
ok,2024-03-28 08:30:00,0.29,0.3,0.29,0.29,14332
ok,2024-03-28 09:00:00,0.29,0.29,0.29,0.29,11084
ok,2024-03-28 09:30:00,0.29,0.29,0.28,0.28,9668
ok,2024-03-28 10:00:00,0.28,0.29,0.28,0.28,2618
ok,2024-03-28 10:30:00,0.28,0.28,0.28,0.28,20192
ok,2024-03-28 11:00:00,0.28,0.3,0.28,0.3,69180
ok,2024-03-28 11:30:00,0.29,0.3,0.29,0.29,2213
ok,2024-03-28 12:00:00,0.29,0.29,0.29,0.29,1137
ok,2024-03-28 12:30:00,0.29,0.29,0.29,0.29,400
ok,2024-03-28 13:00:00,0.29,0.29,0.29,0.29,450
ok,2024-03-28 13:30:00,0.29,0.29,0.29,0.29,3463
ok,2024-03-28 14:00:00,0.29,0.29,0.29,0.29,27859
ok,2024-03-28 14:30:00,0.29,0.29,0.29,0.29,49321
ok,2024-03-28 16:30:00,0.29,0.29,0.29,0.29,800
ok,2024-03-28 18:00:00,0.29,0.29,0.29,0.29,1017
ok,2024-03-28 18:30:00,0.29,0.29,0.29,0.29,600
ok,2024-04-01 04:00:00,0.29,0.29,0.29,0.29,600
ok,2024-04-01 07:00:00,0.29,0.3,0.28,0.3,1235
ok,2024-04-01 07:30:00,0.29,0.29,0.29,0.29,250
ok,2024-04-01 08:30:00,0.29,0.3,0.29,0.29,8137
ok,2024-04-01 09:00:00,0.29,0.3,0.28,0.29,22846
ok,2024-04-01 09:30:00,0.29,0.29,0.29,0.29,200
ok,2024-04-01 10:00:00,0.28,0.29,0.28,0.28,8470
ok,2024-04-01 11:00:00,0.28,0.28,0.28,0.28,6776
ok,2024-04-01 11:30:00,0.29,0.29,0.29,0.29,1875
ok,2024-04-01 12:00:00,0.28,0.28,0.28,0.28,3400
ok,2024-04-01 12:30:00,0.28,0.28,0.28,0.28,7570
ok,2024-04-01 13:30:00,0.28,0.28,0.28,0.28,6652
ok,2024-04-01 14:00:00,0.29,0.29,0.28,0.28,11915
ok,2024-04-01 14:30:00,0.28,0.28,0.27,0.28,33385
ok,2024-04-01 16:00:00,0.27,0.28,0.27,0.28,374
ok,2024-04-01 17:30:00,0.29,0.29,0.29,0.29,260
ok,2024-04-01 18:00:00,0.29,0.29,0.29,0.29,100
ok,2024-04-02 07:00:00,0.27,0.29,0.27,0.29,3341
ok,2024-04-02 08:00:00,0.28,0.28,0.28,0.28,100
ok,2024-04-02 08:30:00,0.27,0.28,0.26,0.26,23361
ok,2024-04-02 09:00:00,0.27,0.27,0.27,0.27,2600
ok,2024-04-02 09:30:00,0.27,0.27,0.27,0.27,8129
ok,2024-04-02 10:30:00,0.27,0.27,0.27,0.27,3246
ok,2024-04-02 11:00:00,0.26,0.27,0.26,0.27,14900
ok,2024-04-02 11:30:00,0.26,0.26,0.26,0.26,309
ok,2024-04-02 12:00:00,0.27,0.27,0.27,0.27,500
ok,2024-04-02 12:30:00,0.27,0.27,0.26,0.26,1264
ok,2024-04-02 13:00:00,0.26,0.26,0.25,0.26,39055
ok,2024-04-02 13:30:00,0.26,0.26,0.26,0.26,4031
ok,2024-04-02 14:00:00,0.26,0.26,0.25,0.26,10899
ok,2024-04-02 14:30:00,0.25,0.26,0.25,0.25,1772
ok,2024-04-02 16:30:00,0.26,0.26,0.26,0.26,200
ok,2024-04-02 17:00:00,0.27,0.27,0.27,0.27,217
ok,2024-04-03 06:00:00,0.27,0.27,0.27,0.27,100
ok,2024-04-03 07:00:00,0.27,0.27,0.25,0.27,3885
ok,2024-04-03 08:00:00,0.27,0.27,0.27,0.27,125
ok,2024-04-03 08:30:00,0.27,0.27,0.25,0.26,17400
ok,2024-04-03 09:00:00,0.25,0.25,0.25,0.25,7807
ok,2024-04-03 09:30:00,0.25,0.26,0.25,0.26,6801
ok,2024-04-03 10:00:00,0.25,0.26,0.25,0.25,718
ok,2024-04-03 10:30:00,0.25,0.26,0.25,0.26,7850
ok,2024-04-03 11:00:00,0.26,0.26,0.26,0.26,1006
ok,2024-04-03 11:30:00,0.25,0.25,0.25,0.25,1830
ok,2024-04-03 12:00:00,0.25,0.25,0.25,0.25,3588
ok,2024-04-03 12:30:00,0.25,0.25,0.25,0.25,7470
ok,2024-04-03 13:00:00,0.25,0.25,0.25,0.25,550
ok,2024-04-03 13:30:00,0.25,0.25,0.25,0.25,100
ok,2024-04-03 14:00:00,0.25,0.25,0.25,0.25,1450
ok,2024-04-03 14:30:00,0.26,0.26,0.25,0.25,12212
ok,2024-04-03 15:30:00,0.26,0.26,0.26,0.26,1000
ok,2024-04-03 17:00:00,0.26,0.26,0.26,0.26,4250
ok,2024-04-03 18:30:00,0.26,0.27,0.26,0.26,3300
ok,2024-04-04 06:30:00,0.25,0.25,0.25,0.25,500
ok,2024-04-04 07:00:00,0.26,0.28,0.25,0.26,4035
ok,2024-04-04 07:30:00,0.27,0.27,0.27,0.27,312
ok,2024-04-04 08:30:00,0.27,0.27,0.26,0.26,1903
ok,2024-04-04 09:00:00,0.27,0.27,0.25,0.26,3269
ok,2024-04-04 09:30:00,0.25,0.26,0.25,0.26,1660
ok,2024-04-04 10:00:00,0.26,0.26,0.26,0.26,200
ok,2024-04-04 10:30:00,0.26,0.26,0.26,0.26,15143
ok,2024-04-04 11:00:00,0.26,0.26,0.26,0.26,11265
ok,2024-04-04 12:00:00,0.25,0.25,0.25,0.25,4000
ok,2024-04-04 12:30:00,0.26,0.26,0.26,0.26,2300
ok,2024-04-04 13:00:00,0.26,0.26,0.25,0.25,15310
ok,2024-04-04 13:30:00,0.25,0.25,0.25,0.25,5357
ok,2024-04-04 14:00:00,0.25,0.26,0.25,0.25,1300
ok,2024-04-04 14:30:00,0.25,0.25,0.25,0.25,1558
ok,2024-04-04 15:00:00,0.27,0.27,0.27,0.27,900
ok,2024-04-05 07:00:00,0.25,0.25,0.25,0.25,1015
ok,2024-04-05 08:30:00,0.25,0.26,0.23,0.24,59915
ok,2024-04-05 09:00:00,0.24,0.24,0.23,0.24,9930
ok,2024-04-05 09:30:00,0.25,0.26,0.25,0.25,6616
ok,2024-04-05 10:00:00,0.24,0.25,0.24,0.24,1140
ok,2024-04-05 10:30:00,0.24,0.25,0.24,0.25,664
ok,2024-04-05 11:00:00,0.25,0.25,0.25,0.25,435
ok,2024-04-05 11:30:00,0.24,0.24,0.24,0.24,611
ok,2024-04-05 12:00:00,0.25,0.25,0.25,0.25,250
ok,2024-04-05 12:30:00,0.24,0.24,0.24,0.24,817
ok,2024-04-05 13:00:00,0.24,0.25,0.24,0.24,1600
ok,2024-04-05 13:30:00,0.26,0.26,0.26,0.26,1054
ok,2024-04-05 14:00:00,0.25,0.25,0.25,0.25,100
ok,2024-04-05 14:30:00,0.25,0.25,0.25,0.25,110
ok,2024-04-05 17:30:00,0.25,0.25,0.24,0.24,1248
ok,2024-04-08 03:00:00,0.24,0.24,0.24,0.24,100
ok,2024-04-08 06:00:00,0.24,0.24,0.24,0.24,275
ok,2024-04-08 06:30:00,0.25,0.25,0.24,0.24,410
ok,2024-04-08 07:00:00,0.24,0.25,0.24,0.24,1325
ok,2024-04-08 07:30:00,0.24,0.24,0.24,0.24,1000
ok,2024-04-08 08:30:00,0.26,0.26,0.25,0.25,6721
ok,2024-04-08 09:00:00,0.25,0.25,0.24,0.24,5427
ok,2024-04-08 09:30:00,0.25,0.25,0.24,0.25,1290
ok,2024-04-08 10:00:00,0.25,0.25,0.25,0.25,210
ok,2024-04-08 10:30:00,0.25,0.25,0.25,0.25,17644
ok,2024-04-08 11:00:00,0.25,0.25,0.25,0.25,2150
ok,2024-04-08 11:30:00,0.24,0.24,0.24,0.24,162
ok,2024-04-08 12:00:00,0.24,0.25,0.24,0.25,5760
ok,2024-04-08 12:30:00,0.25,0.25,0.25,0.25,2021
ok,2024-04-08 13:30:00,0.25,0.29,0.25,0.27,58576
ok,2024-04-08 14:00:00,0.27,0.27,0.27,0.27,7193
ok,2024-04-08 14:30:00,0.26,0.26,0.26,0.26,19070
ok,2024-04-08 15:00:00,0.26,0.26,0.26,0.26,600
ok,2024-04-08 16:00:00,0.26,0.26,0.26,0.26,100
ok,2024-04-08 16:30:00,0.26,0.26,0.26,0.26,200
ok,2024-04-09 05:30:00,0.25,0.25,0.25,0.25,600
ok,2024-04-09 07:00:00,0.24,0.25,0.24,0.25,1433
ok,2024-04-09 08:30:00,0.25,0.26,0.25,0.26,3808
ok,2024-04-09 09:00:00,0.24,0.25,0.24,0.24,1015
ok,2024-04-09 09:30:00,0.25,0.26,0.25,0.26,1400
ok,2024-04-09 10:00:00,0.24,0.26,0.24,0.26,8717
ok,2024-04-09 10:30:00,0.26,0.26,0.26,0.26,2394
ok,2024-04-09 11:30:00,0.25,0.25,0.24,0.24,49027
ok,2024-04-09 12:00:00,0.25,0.25,0.23,0.24,73484
ok,2024-04-09 12:30:00,0.24,0.24,0.24,0.24,5500
ok,2024-04-09 13:00:00,0.24,0.24,0.24,0.24,3050
ok,2024-04-09 13:30:00,0.24,0.24,0.24,0.24,2800
ok,2024-04-09 14:00:00,0.24,0.24,0.24,0.24,7997
ok,2024-04-09 14:30:00,0.24,0.24,0.24,0.24,4592
ok,2024-04-09 15:30:00,0.24,0.24,0.24,0.24,1907
ok,2024-04-09 16:00:00,0.24,0.24,0.24,0.24,300
ok,2024-04-09 18:00:00,0.25,0.25,0.25,0.25,327
ok,2024-04-09 18:30:00,0.25,0.25,0.24,0.24,531
ok,2024-04-10 08:30:00,0.24,0.25,0.24,0.25,6633
ok,2024-04-10 09:00:00,0.24,0.25,0.24,0.25,3588
ok,2024-04-10 09:30:00,0.25,0.25,0.25,0.25,200
ok,2024-04-10 10:00:00,0.24,0.24,0.24,0.24,799
ok,2024-04-10 10:30:00,0.25,0.25,0.25,0.25,300
ok,2024-04-10 11:00:00,0.25,0.25,0.24,0.24,4120
ok,2024-04-10 11:30:00,0.24,0.25,0.24,0.25,650
ok,2024-04-10 12:00:00,0.25,0.25,0.25,0.25,200
ok,2024-04-10 13:00:00,0.24,0.25,0.24,0.24,2399
ok,2024-04-10 13:30:00,0.24,0.24,0.24,0.24,199
ok,2024-04-10 14:30:00,0.24,0.25,0.24,0.25,7182
ok,2024-04-11 08:30:00,0.26,0.26,0.26,0.26,7006
ok,2024-04-11 09:00:00,0.25,0.25,0.25,0.25,230
ok,2024-04-11 09:30:00,0.25,0.25,0.25,0.25,2468
ok,2024-04-11 10:00:00,0.25,0.28,0.25,0.28,33594
ok,2024-04-11 10:30:00,0.28,0.28,0.26,0.27,3379
ok,2024-04-11 11:00:00,0.27,0.27,0.26,0.26,3659
ok,2024-04-11 11:30:00,0.26,0.26,0.26,0.26,1203
ok,2024-04-11 12:00:00,0.26,0.26,0.26,0.26,849
ok,2024-04-11 12:30:00,0.26,0.26,0.26,0.26,1922
ok,2024-04-11 13:00:00,0.26,0.26,0.25,0.26,4942
ok,2024-04-11 13:30:00,0.25,0.25,0.25,0.25,1416
ok,2024-04-11 14:00:00,0.26,0.26,0.26,0.26,1937
ok,2024-04-11 14:30:00,0.25,0.25,0.25,0.25,544
ok,2024-04-11 15:00:00,0.25,0.25,0.25,0.25,100
ok,2024-04-12 07:00:00,0.24,0.24,0.24,0.24,500
ok,2024-04-12 08:00:00,0.25,0.25,0.25,0.25,900
ok,2024-04-12 08:30:00,0.25,0.26,0.25,0.26,12195
ok,2024-04-12 09:00:00,0.26,0.26,0.26,0.26,12949
ok,2024-04-12 09:30:00,0.26,0.28,0.26,0.27,19527
ok,2024-04-12 10:00:00,0.27,0.27,0.26,0.26,8239
ok,2024-04-12 10:30:00,0.26,0.26,0.26,0.26,211
ok,2024-04-12 11:00:00,0.26,0.26,0.26,0.26,1350
ok,2024-04-12 11:30:00,0.26,0.26,0.26,0.26,11589
ok,2024-04-12 12:00:00,0.26,0.26,0.26,0.26,100
ok,2024-04-12 12:30:00,0.26,0.26,0.26,0.26,100
ok,2024-04-12 13:00:00,0.26,0.26,0.26,0.26,300
ok,2024-04-12 13:30:00,0.26,0.26,0.26,0.26,2748
ok,2024-04-12 14:00:00,0.26,0.26,0.26,0.26,13789
ok,2024-04-12 14:30:00,0.25,0.26,0.25,0.26,9101
ok,2024-04-12 17:00:00,0.26,0.26,0.26,0.26,150
ok,2024-04-15 06:30:00,0.26,0.26,0.26,0.26,453
ok,2024-04-15 07:30:00,0.26,0.26,0.26,0.26,100
ok,2024-04-15 08:00:00,0.26,0.26,0.26,0.26,800
ok,2024-04-15 08:30:00,0.26,0.26,0.25,0.25,9196
ok,2024-04-15 09:30:00,0.25,0.25,0.23,0.23,18827
ok,2024-04-15 10:00:00,0.24,0.24,0.24,0.24,8828
ok,2024-04-15 10:30:00,0.24,0.24,0.24,0.24,17444
ok,2024-04-15 11:00:00,0.24,0.24,0.23,0.24,10923
ok,2024-04-15 11:30:00,0.24,0.24,0.24,0.24,5000
ok,2024-04-15 12:00:00,0.24,0.24,0.24,0.24,3550
ok,2024-04-15 12:30:00,0.23,0.23,0.23,0.23,982
ok,2024-04-15 13:00:00,0.23,0.23,0.23,0.23,1630
ok,2024-04-15 13:30:00,0.23,0.23,0.23,0.23,706
ok,2024-04-15 14:00:00,0.23,0.23,0.23,0.23,8706
ok,2024-04-15 14:30:00,0.23,0.23,0.23,0.23,3177
ok,2024-04-15 15:30:00,0.23,0.23,0.23,0.23,1000
ok,2024-04-15 16:30:00,0.23,0.23,0.23,0.23,200
ok,2024-04-15 17:00:00,0.23,0.23,0.23,0.23,250
ok,2024-04-16 03:30:00,0.23,0.23,0.23,0.23,101
ok,2024-04-16 05:30:00,0.23,0.23,0.23,0.23,100
ok,2024-04-16 06:30:00,0.23,0.23,0.23,0.23,350
ok,2024-04-16 07:00:00,0.24,0.24,0.24,0.24,440
ok,2024-04-16 07:30:00,0.23,0.23,0.23,0.23,1250
ok,2024-04-16 08:30:00,0.23,0.23,0.23,0.23,6053
ok,2024-04-16 09:00:00,0.23,0.23,0.23,0.23,2291
ok,2024-04-16 09:30:00,0.23,0.23,0.23,0.23,6700
ok,2024-04-16 10:30:00,0.23,0.23,0.23,0.23,5886
ok,2024-04-16 11:30:00,0.23,0.23,0.23,0.23,101
ok,2024-04-16 12:00:00,0.23,0.23,0.23,0.23,640
ok,2024-04-16 12:30:00,0.23,0.23,0.23,0.23,245
ok,2024-04-16 13:00:00,0.23,0.23,0.23,0.23,5057
ok,2024-04-16 14:00:00,0.22,0.22,0.22,0.22,2024
ok,2024-04-16 14:30:00,0.22,0.22,0.22,0.22,1366
ok,2024-04-16 16:00:00,0.22,0.22,0.22,0.22,5600
ok,2024-04-16 17:00:00,0.22,0.22,0.22,0.22,5350
ok,2024-04-16 17:30:00,0.22,0.22,0.22,0.22,5411
ok,2024-04-16 18:30:00,0.22,0.22,0.22,0.22,1431
ok,2024-04-17 05:30:00,0.22,0.22,0.22,0.22,100
ok,2024-04-17 07:00:00,0.22,0.23,0.22,0.23,6600
ok,2024-04-17 07:30:00,0.23,0.23,0.23,0.23,520
ok,2024-04-17 08:30:00,0.22,0.23,0.22,0.22,8261
ok,2024-04-17 09:00:00,0.22,0.22,0.22,0.22,17147
ok,2024-04-17 09:30:00,0.22,0.22,0.22,0.22,3573
ok,2024-04-17 10:00:00,0.22,0.22,0.22,0.22,4648
ok,2024-04-17 10:30:00,0.22,0.22,0.21,0.21,4760
ok,2024-04-17 11:00:00,0.21,0.21,0.21,0.21,14167
ok,2024-04-17 11:30:00,0.21,0.21,0.21,0.21,10977
ok,2024-04-17 12:00:00,0.21,0.21,0.21,0.21,4418
ok,2024-04-17 12:30:00,0.21,0.21,0.21,0.21,3677
ok,2024-04-17 13:00:00,0.21,0.21,0.21,0.21,15682
ok,2024-04-17 13:30:00,0.21,0.21,0.21,0.21,1258
ok,2024-04-17 14:00:00,0.21,0.21,0.21,0.21,859
ok,2024-04-17 14:30:00,0.21,0.21,0.21,0.21,902
ok,2024-04-17 15:30:00,0.21,0.21,0.21,0.21,450
ok,2024-04-17 16:00:00,0.21,0.21,0.21,0.21,9570
ok,2024-04-17 17:00:00,0.21,0.21,0.21,0.21,200
ok,2024-04-17 17:30:00,0.21,0.21,0.21,0.21,1802
ok,2024-04-18 03:00:00,0.21,0.21,0.21,0.21,453
ok,2024-04-18 04:00:00,0.21,0.21,0.21,0.21,100
ok,2024-04-18 06:30:00,0.21,0.21,0.21,0.21,1600
ok,2024-04-18 07:00:00,0.21,0.22,0.21,0.22,1040
ok,2024-04-18 07:30:00,0.22,0.22,0.22,0.22,325
ok,2024-04-18 08:30:00,0.21,0.21,0.21,0.21,3397
ok,2024-04-18 09:00:00,0.21,0.21,0.21,0.21,8000
ok,2024-04-18 09:30:00,0.21,0.21,0.21,0.21,1221
ok,2024-04-18 10:00:00,0.21,0.22,0.21,0.22,3901
ok,2024-04-18 10:30:00,0.22,0.23,0.22,0.23,63034
ok,2024-04-18 11:00:00,0.23,0.23,0.23,0.23,5728
ok,2024-04-18 11:30:00,0.23,0.23,0.23,0.23,1881
ok,2024-04-18 12:00:00,0.23,0.25,0.23,0.25,82607
ok,2024-04-18 12:30:00,0.24,0.25,0.24,0.24,15765
ok,2024-04-18 13:00:00,0.24,0.24,0.24,0.24,4150
ok,2024-04-18 13:30:00,0.24,0.24,0.23,0.23,6100
ok,2024-04-18 14:30:00,0.24,0.24,0.24,0.24,1041
ok,2024-04-18 15:00:00,0.24,0.24,0.24,0.24,243
ok,2024-04-19 07:00:00,0.23,0.23,0.23,0.23,910
ok,2024-04-19 08:30:00,0.24,0.25,0.23,0.24,14151
ok,2024-04-19 09:00:00,0.24,0.24,0.23,0.23,900
ok,2024-04-19 09:30:00,0.24,0.25,0.24,0.25,14257
ok,2024-04-19 10:00:00,0.25,0.25,0.23,0.24,4843
ok,2024-04-19 10:30:00,0.24,0.24,0.24,0.24,2100
ok,2024-04-19 11:00:00,0.24,0.25,0.24,0.25,601
ok,2024-04-19 11:30:00,0.24,0.25,0.24,0.25,1650
ok,2024-04-19 12:00:00,0.24,0.24,0.24,0.24,156
ok,2024-04-19 12:30:00,0.24,0.24,0.24,0.24,5389
ok,2024-04-19 13:30:00,0.24,0.24,0.23,0.24,651
ok,2024-04-19 14:00:00,0.24,0.24,0.24,0.24,200
ok,2024-04-19 14:30:00,0.24,0.24,0.24,0.24,2122
ok,2024-04-19 17:30:00,0.23,0.23,0.23,0.23,1000
ok,2024-04-19 18:30:00,0.23,0.23,0.23,0.23,317
ok,2024-04-22 08:30:00,0.24,0.24,0.24,0.24,13626
ok,2024-04-22 09:00:00,0.24,0.24,0.24,0.24,2538
ok,2024-04-22 09:30:00,0.24,0.24,0.24,0.24,206
ok,2024-04-22 10:30:00,0.24,0.24,0.24,0.24,100
ok,2024-04-22 11:00:00,0.24,0.24,0.22,0.22,16136
ok,2024-04-22 11:30:00,0.24,0.24,0.24,0.24,272
ok,2024-04-22 12:00:00,0.23,0.24,0.23,0.24,1878
ok,2024-04-22 13:00:00,0.23,0.23,0.23,0.23,2243
ok,2024-04-22 13:30:00,0.23,0.23,0.22,0.22,17162
ok,2024-04-22 14:00:00,0.22,0.23,0.22,0.23,1641
ok,2024-04-22 14:30:00,0.23,0.23,0.23,0.23,7607
ok,2024-04-22 16:00:00,0.23,0.23,0.23,0.23,578
ok,2024-04-22 16:30:00,0.23,0.23,0.23,0.23,400
ok,2024-04-22 17:00:00,0.23,0.23,0.23,0.23,1200
ok,2024-04-22 17:30:00,0.23,0.23,0.23,0.23,7452
ok,2024-04-22 18:30:00,0.23,0.23,0.23,0.23,2997
ok,2024-04-23 04:00:00,0.23,0.23,0.23,0.23,500
ok,2024-04-23 08:30:00,0.23,0.23,0.23,0.23,10116
ok,2024-04-23 09:00:00,0.23,0.23,0.23,0.23,2720
ok,2024-04-23 09:30:00,0.23,0.23,0.23,0.23,3491
ok,2024-04-23 10:00:00,0.23,0.23,0.23,0.23,6609
ok,2024-04-23 10:30:00,0.23,0.25,0.23,0.25,12934
ok,2024-04-23 11:00:00,0.25,0.25,0.24,0.25,9516
ok,2024-04-23 11:30:00,0.25,0.25,0.25,0.25,1000
ok,2024-04-23 12:00:00,0.25,0.25,0.23,0.23,2763
ok,2024-04-23 12:30:00,0.24,0.24,0.24,0.24,100
ok,2024-04-23 13:00:00,0.25,0.25,0.24,0.25,16000
ok,2024-04-23 13:30:00,0.25,0.25,0.25,0.25,6745
ok,2024-04-23 14:30:00,0.24,0.24,0.24,0.24,546
ok,2024-04-23 18:00:00,0.25,0.25,0.25,0.25,100
ok,2024-04-24 07:30:00,0.24,0.24,0.24,0.24,487
ok,2024-04-24 08:30:00,0.25,0.26,0.23,0.24,74051
ok,2024-04-24 09:00:00,0.26,0.26,0.25,0.25,4459
ok,2024-04-24 09:30:00,0.26,0.26,0.26,0.26,200
ok,2024-04-24 10:00:00,0.25,0.26,0.25,0.26,448
ok,2024-04-24 10:30:00,0.24,0.24,0.24,0.24,999
ok,2024-04-24 11:30:00,0.24,0.24,0.24,0.24,4133
ok,2024-04-24 12:00:00,0.25,0.25,0.23,0.23,12979
ok,2024-04-24 12:30:00,0.23,0.24,0.23,0.24,22734
ok,2024-04-24 13:00:00,0.23,0.24,0.23,0.23,8628
ok,2024-04-24 13:30:00,0.24,0.25,0.24,0.25,5064
ok,2024-04-24 14:00:00,0.24,0.24,0.24,0.24,440
ok,2024-04-24 14:30:00,0.25,0.25,0.25,0.25,5684
ok,2024-04-24 15:00:00,0.22,0.22,0.22,0.22,2000
ok,2024-04-24 15:30:00,0.22,0.22,0.22,0.22,3000
ok,2024-04-25 08:30:00,0.24,0.24,0.24,0.24,1576
ok,2024-04-25 09:00:00,0.24,0.25,0.24,0.25,1270
ok,2024-04-25 09:30:00,0.24,0.24,0.23,0.24,1100
ok,2024-04-25 10:00:00,0.25,0.25,0.23,0.23,5800
ok,2024-04-25 10:30:00,0.25,0.25,0.25,0.25,497
ok,2024-04-25 11:00:00,0.24,0.24,0.24,0.24,180
ok,2024-04-25 11:30:00,0.24,0.24,0.24,0.24,120
ok,2024-04-25 13:30:00,0.24,0.24,0.24,0.24,8650
ok,2024-04-25 14:30:00,0.24,0.24,0.24,0.24,593
ok,2024-04-25 15:00:00,0.24,0.24,0.24,0.24,1200
ok,2024-04-26 08:00:00,0.24,0.24,0.24,0.24,100
ok,2024-04-26 08:30:00,0.24,0.24,0.24,0.24,7100
ok,2024-04-26 09:00:00,0.24,0.26,0.24,0.26,25091
ok,2024-04-26 09:30:00,0.24,0.25,0.24,0.24,10000
ok,2024-04-26 11:00:00,0.24,0.24,0.24,0.24,1010
ok,2024-04-26 13:00:00,0.25,0.25,0.24,0.24,2930
ok,2024-04-26 14:30:00,0.24,0.24,0.24,0.24,4713
ok,2024-04-29 07:00:00,0.23,0.23,0.22,0.22,3310
ok,2024-04-29 07:30:00,0.24,0.24,0.24,0.24,101
ok,2024-04-29 08:30:00,0.24,0.24,0.24,0.24,1495
ok,2024-04-29 09:00:00,0.24,0.24,0.23,0.23,5349
ok,2024-04-29 09:30:00,0.24,0.24,0.24,0.24,693
ok,2024-04-29 10:00:00,0.24,0.25,0.24,0.25,17140
ok,2024-04-29 10:30:00,0.26,0.26,0.25,0.25,1370
ok,2024-04-29 11:00:00,0.25,0.26,0.25,0.26,24672
ok,2024-04-29 11:30:00,0.25,0.25,0.23,0.24,22144
ok,2024-04-29 12:00:00,0.26,0.26,0.26,0.26,100
ok,2024-04-29 12:30:00,0.24,0.24,0.22,0.24,20041
ok,2024-04-29 13:00:00,0.24,0.24,0.22,0.23,35445
ok,2024-04-29 13:30:00,0.23,0.23,0.23,0.23,4448
ok,2024-04-29 14:00:00,0.23,0.23,0.23,0.23,1057
ok,2024-04-29 14:30:00,0.23,0.23,0.23,0.23,1258
ok,2024-04-29 15:00:00,0.23,0.23,0.23,0.23,2219
ok,2024-04-29 15:30:00,0.23,0.23,0.23,0.23,8787
ok,2024-04-29 16:00:00,0.23,0.23,0.23,0.23,1000
ok,2024-04-29 17:30:00,0.23,0.23,0.23,0.23,100
ok,2024-04-30 04:30:00,0.23,0.23,0.23,0.23,100
ok,2024-04-30 07:30:00,0.33,0.46,0.28,0.42,8082294
ok,2024-04-30 08:00:00,0.42,0.44,0.38,0.38,3578114
ok,2024-04-30 08:30:00,0.38,0.44,0.36,0.42,18278496
ok,2024-04-30 09:00:00,0.42,0.46,0.38,0.41,11162189
ok,2024-04-30 09:30:00,0.41,0.48,0.38,0.47,13641245
ok,2024-04-30 10:00:00,0.47,0.48,0.41,0.41,12980336
ok,2024-04-30 10:30:00,0.41,0.42,0.4,0.41,4254760
ok,2024-04-30 11:00:00,0.41,0.43,0.39,0.41,4834071
ok,2024-04-30 11:30:00,0.41,0.42,0.39,0.4,1732602
ok,2024-04-30 12:00:00,0.4,0.41,0.38,0.39,1926120
ok,2024-04-30 12:30:00,0.39,0.4,0.39,0.4,679622
ok,2024-04-30 13:00:00,0.4,0.4,0.37,0.37,1340947
ok,2024-04-30 13:30:00,0.37,0.4,0.37,0.39,1162727
ok,2024-04-30 14:00:00,0.39,0.4,0.37,0.38,1089880
ok,2024-04-30 14:30:00,0.38,0.4,0.37,0.39,1455146
ok,2024-04-30 15:00:00,0.4,0.4,0.38,0.39,85152
ok,2024-04-30 15:30:00,0.38,0.4,0.38,0.39,85040
ok,2024-04-30 16:00:00,0.39,0.4,0.38,0.4,103595
ok,2024-04-30 16:30:00,0.4,0.4,0.38,0.38,36729
ok,2024-04-30 17:00:00,0.4,0.4,0.38,0.4,45691
ok,2024-04-30 17:30:00,0.4,0.4,0.4,0.4,89577
ok,2024-04-30 18:00:00,0.4,0.41,0.38,0.38,34393
ok,2024-04-30 18:30:00,0.38,0.4,0.38,0.38,34459
ok,2024-05-01 03:00:00,0.38,0.39,0.38,0.38,25333
ok,2024-05-01 03:30:00,0.38,0.39,0.38,0.38,16249
ok,2024-05-01 04:00:00,0.38,0.38,0.37,0.38,8867
ok,2024-05-01 04:30:00,0.39,0.39,0.38,0.38,3951
ok,2024-05-01 05:00:00,0.38,0.39,0.38,0.38,9353
ok,2024-05-01 05:30:00,0.38,0.39,0.38,0.38,5493
ok,2024-05-01 06:00:00,0.39,0.39,0.38,0.38,24105
ok,2024-05-01 06:30:00,0.38,0.38,0.38,0.38,16549
ok,2024-05-01 07:00:00,0.38,0.4,0.38,0.38,167845
ok,2024-05-01 07:30:00,0.38,0.39,0.38,0.38,65925
ok,2024-05-01 08:00:00,0.38,0.39,0.38,0.39,43312
ok,2024-05-01 08:30:00,0.39,0.42,0.38,0.4,561417
ok,2024-05-01 09:00:00,0.4,0.41,0.4,0.4,350331
ok,2024-05-01 09:30:00,0.4,0.4,0.38,0.39,271234
ok,2024-05-01 10:00:00,0.39,0.4,0.38,0.39,195064
ok,2024-05-01 10:30:00,0.39,0.39,0.38,0.39,113604
ok,2024-05-01 11:00:00,0.39,0.4,0.39,0.39,46017
ok,2024-05-01 11:30:00,0.39,0.4,0.39,0.39,36519
ok,2024-05-01 12:00:00,0.39,0.39,0.38,0.38,153522
ok,2024-05-01 12:30:00,0.38,0.39,0.38,0.38,244634
ok,2024-05-01 13:00:00,0.38,0.39,0.38,0.38,38462
ok,2024-05-01 13:30:00,0.38,0.4,0.38,0.39,119299
ok,2024-05-01 14:00:00,0.38,0.39,0.38,0.39,48035
ok,2024-05-01 14:30:00,0.39,0.39,0.37,0.39,276785
ok,2024-05-01 15:00:00,0.39,0.39,0.39,0.39,1277
ok,2024-05-01 15:30:00,0.39,0.39,0.39,0.39,7181
ok,2024-05-01 16:00:00,0.39,0.39,0.39,0.39,669
ok,2024-05-01 16:30:00,0.39,0.39,0.39,0.39,4650
ok,2024-05-01 17:00:00,0.39,0.39,0.39,0.39,1260
ok,2024-05-01 17:30:00,0.39,0.39,0.39,0.39,2786
ok,2024-05-01 18:30:00,0.39,0.39,0.38,0.39,2545
ok,2024-05-02 03:00:00,0.38,0.39,0.38,0.38,3212
ok,2024-05-02 03:30:00,0.39,0.39,0.39,0.39,2524
ok,2024-05-02 04:00:00,0.39,0.39,0.39,0.39,338
ok,2024-05-02 04:30:00,0.39,0.39,0.38,0.39,5215
ok,2024-05-02 05:00:00,0.39,0.39,0.39,0.39,1501
ok,2024-05-02 05:30:00,0.39,0.39,0.39,0.39,350
ok,2024-05-02 06:00:00,0.39,0.39,0.39,0.39,3734
ok,2024-05-02 06:30:00,0.39,0.39,0.39,0.39,1554
ok,2024-05-02 07:00:00,0.39,0.39,0.37,0.39,6894
ok,2024-05-02 07:30:00,0.39,0.39,0.39,0.39,10045
ok,2024-05-02 08:00:00,0.39,0.39,0.39,0.39,5940
ok,2024-05-02 08:30:00,0.39,0.4,0.38,0.38,332351
ok,2024-05-02 09:00:00,0.38,0.39,0.38,0.38,44201
ok,2024-05-02 09:30:00,0.38,0.4,0.38,0.4,71968
ok,2024-05-02 10:00:00,0.4,0.4,0.38,0.38,137750
ok,2024-05-02 10:30:00,0.39,0.4,0.38,0.4,83924
ok,2024-05-02 11:00:00,0.39,0.4,0.39,0.39,40131
ok,2024-05-02 11:30:00,0.39,0.4,0.39,0.39,39661
ok,2024-05-02 12:00:00,0.4,0.4,0.39,0.39,22255
ok,2024-05-02 12:30:00,0.39,0.41,0.39,0.41,157342
ok,2024-05-02 13:00:00,0.41,0.42,0.4,0.41,142979
ok,2024-05-02 13:30:00,0.41,0.42,0.4,0.41,25594
ok,2024-05-02 14:00:00,0.42,0.42,0.4,0.4,133398
ok,2024-05-02 14:30:00,0.41,0.42,0.4,0.41,92867
ok,2024-05-02 15:30:00,0.4,0.4,0.39,0.4,24751
ok,2024-05-02 16:00:00,0.4,0.4,0.39,0.39,10200
ok,2024-05-02 16:30:00,0.39,0.39,0.39,0.39,700
ok,2024-05-02 17:00:00,0.39,0.39,0.39,0.39,500
ok,2024-05-02 17:30:00,0.39,0.39,0.39,0.39,250
ok,2024-05-03 03:00:00,0.4,0.4,0.4,0.4,107
ok,2024-05-03 04:00:00,0.41,0.41,0.41,0.41,800
ok,2024-05-03 05:30:00,0.41,0.41,0.4,0.4,7646
ok,2024-05-03 07:00:00,0.39,0.41,0.39,0.39,1284
ok,2024-05-03 07:30:00,0.41,0.41,0.41,0.41,101
ok,2024-05-03 08:30:00,0.4,0.42,0.4,0.41,31752
ok,2024-05-03 09:00:00,0.41,0.41,0.4,0.41,22413
ok,2024-05-03 09:30:00,0.41,0.41,0.4,0.41,4411
ok,2024-05-03 10:00:00,0.4,0.41,0.4,0.4,48398
ok,2024-05-03 10:30:00,0.4,0.41,0.4,0.41,87498
ok,2024-05-03 11:00:00,0.41,0.42,0.41,0.41,8034
ok,2024-05-03 11:30:00,0.41,0.41,0.41,0.41,16565
ok,2024-05-03 12:00:00,0.41,0.43,0.41,0.42,382633
ok,2024-05-03 12:30:00,0.42,0.42,0.41,0.42,57149
ok,2024-05-03 13:00:00,0.41,0.42,0.4,0.41,91214
ok,2024-05-03 13:30:00,0.41,0.41,0.4,0.4,3700
ok,2024-05-03 14:00:00,0.4,0.42,0.4,0.4,27816
ok,2024-05-03 14:30:00,0.42,0.42,0.4,0.4,50507
ok,2024-05-03 15:00:00,0.4,0.4,0.4,0.4,270
ok,2024-05-03 16:00:00,0.41,0.41,0.41,0.41,107
ok,2024-05-03 16:30:00,0.4,0.4,0.4,0.4,1450
ok,2024-05-03 17:00:00,0.41,0.41,0.41,0.41,110
ok,2024-05-03 17:30:00,0.42,0.42,0.41,0.41,400
ok,2024-05-03 18:00:00,0.4,0.4,0.4,0.4,7105
ok,2024-05-03 18:30:00,0.4,0.4,0.39,0.4,7974
ok,2024-05-06 04:00:00,0.4,0.4,0.4,0.4,600
ok,2024-05-06 05:30:00,0.4,0.4,0.4,0.4,332
ok,2024-05-06 06:30:00,0.4,0.4,0.4,0.4,777
ok,2024-05-06 07:00:00,0.4,0.41,0.4,0.4,2550
ok,2024-05-06 07:30:00,0.4,0.4,0.4,0.4,7826
ok,2024-05-06 08:00:00,0.4,0.4,0.4,0.4,680
ok,2024-05-06 08:30:00,0.41,0.42,0.4,0.4,237725
ok,2024-05-06 09:00:00,0.4,0.41,0.4,0.4,6921
ok,2024-05-06 09:30:00,0.41,0.41,0.4,0.41,17543
ok,2024-05-06 10:00:00,0.41,0.41,0.41,0.41,3403
ok,2024-05-06 10:30:00,0.41,0.41,0.4,0.41,2438
ok,2024-05-06 11:00:00,0.4,0.41,0.4,0.41,6192
ok,2024-05-06 11:30:00,0.41,0.42,0.4,0.42,51648
ok,2024-05-06 12:00:00,0.42,0.42,0.41,0.41,15255
ok,2024-05-06 12:30:00,0.41,0.41,0.41,0.41,3982
ok,2024-05-06 13:00:00,0.41,0.41,0.4,0.41,14259
ok,2024-05-06 13:30:00,0.41,0.41,0.4,0.41,6756
ok,2024-05-06 14:00:00,0.41,0.41,0.4,0.41,4670
ok,2024-05-06 14:30:00,0.41,0.42,0.4,0.42,66923
ok,2024-05-06 15:00:00,0.4,0.4,0.4,0.4,4000
ok,2024-05-06 15:30:00,0.42,0.42,0.42,0.42,1000
ok,2024-05-06 16:00:00,0.41,0.41,0.41,0.41,460
ok,2024-05-06 18:00:00,0.41,0.41,0.41,0.41,5001
ok,2024-05-07 03:00:00,0.42,0.42,0.42,0.42,200
ok,2024-05-07 05:00:00,0.41,0.41,0.41,0.41,1278
ok,2024-05-07 05:30:00,0.41,0.41,0.41,0.41,291
ok,2024-05-07 06:00:00,0.41,0.41,0.41,0.41,1435
ok,2024-05-07 06:30:00,0.41,0.41,0.41,0.41,200
ok,2024-05-07 07:00:00,0.41,0.43,0.41,0.41,6907
ok,2024-05-07 08:00:00,0.41,0.41,0.41,0.41,101
ok,2024-05-07 08:30:00,0.41,0.41,0.41,0.41,6316
ok,2024-05-07 09:00:00,0.41,0.41,0.41,0.41,17629
ok,2024-05-07 09:30:00,0.41,0.41,0.41,0.41,931
ok,2024-05-07 10:00:00,0.4,0.41,0.4,0.4,46509
ok,2024-05-07 10:30:00,0.41,0.41,0.4,0.4,8966
ok,2024-05-07 11:00:00,0.41,0.41,0.4,0.41,5518
ok,2024-05-07 11:30:00,0.41,0.41,0.41,0.41,3154
ok,2024-05-07 12:00:00,0.41,0.41,0.4,0.4,2524
ok,2024-05-07 12:30:00,0.41,0.41,0.41,0.41,2900
ok,2024-05-07 13:00:00,0.41,0.41,0.41,0.41,9389
ok,2024-05-07 13:30:00,0.41,0.41,0.41,0.41,3000
ok,2024-05-07 14:00:00,0.41,0.41,0.41,0.41,6647
ok,2024-05-07 14:30:00,0.41,0.41,0.41,0.41,7552
ok,2024-05-07 15:30:00,0.41,0.41,0.41,0.41,200
ok,2024-05-07 17:00:00,0.4,0.4,0.4,0.4,342
ok,2024-05-08 07:00:00,0.42,0.42,0.4,0.4,2700
ok,2024-05-08 08:00:00,0.4,0.4,0.4,0.4,2368
ok,2024-05-08 08:30:00,0.42,0.42,0.4,0.41,44306
ok,2024-05-08 09:00:00,0.4,0.41,0.4,0.4,18245
ok,2024-05-08 09:30:00,0.4,0.41,0.4,0.41,4653
ok,2024-05-08 10:00:00,0.41,0.42,0.4,0.41,87074
ok,2024-05-08 10:30:00,0.41,0.42,0.41,0.42,97860
ok,2024-05-08 11:00:00,0.41,0.42,0.41,0.42,20571
ok,2024-05-08 11:30:00,0.42,0.42,0.41,0.41,20989
ok,2024-05-08 12:00:00,0.41,0.42,0.41,0.42,76670
ok,2024-05-08 12:30:00,0.41,0.42,0.4,0.42,39503
ok,2024-05-08 13:00:00,0.41,0.42,0.4,0.41,7337
ok,2024-05-08 13:30:00,0.41,0.41,0.41,0.41,2878
ok,2024-05-08 14:00:00,0.41,0.41,0.4,0.4,26167
ok,2024-05-08 14:30:00,0.4,0.41,0.4,0.4,9071
ok,2024-05-08 15:30:00,0.4,0.4,0.4,0.4,185
ok,2024-05-08 16:00:00,0.4,0.41,0.4,0.41,978
ok,2024-05-08 16:30:00,0.4,0.4,0.4,0.4,300
ok,2024-05-09 03:00:00,0.41,0.41,0.41,0.41,134
ok,2024-05-09 06:30:00,0.41,0.41,0.41,0.41,150
ok,2024-05-09 07:00:00,0.41,0.41,0.41,0.41,500
ok,2024-05-09 08:30:00,0.41,0.41,0.41,0.41,10724
ok,2024-05-09 09:00:00,0.41,0.41,0.41,0.41,8802
ok,2024-05-09 09:30:00,0.41,0.42,0.41,0.42,154126
ok,2024-05-09 10:00:00,0.42,0.43,0.42,0.43,34824
ok,2024-05-09 10:30:00,0.42,0.43,0.42,0.42,22650
ok,2024-05-09 11:00:00,0.42,0.42,0.42,0.42,24558
ok,2024-05-09 11:30:00,0.42,0.42,0.42,0.42,5214
ok,2024-05-09 12:00:00,0.42,0.42,0.42,0.42,40003
ok,2024-05-09 12:30:00,0.42,0.43,0.42,0.42,37967
ok,2024-05-09 13:00:00,0.42,0.44,0.42,0.44,121800
ok,2024-05-09 13:30:00,0.44,0.44,0.43,0.44,52930
ok,2024-05-09 14:00:00,0.44,0.44,0.44,0.44,103408
ok,2024-05-09 14:30:00,0.44,0.45,0.44,0.44,137220
ok,2024-05-09 15:00:00,0.45,0.45,0.42,0.42,1362
ok,2024-05-09 16:30:00,0.43,0.43,0.43,0.43,200
ok,2024-05-09 18:00:00,0.44,0.44,0.44,0.44,101
ok,2024-05-09 18:30:00,0.42,0.42,0.42,0.42,644
ok,2024-05-10 04:30:00,0.43,0.44,0.43,0.44,490
ok,2024-05-10 05:00:00,0.44,0.44,0.44,0.44,308
ok,2024-05-10 07:00:00,0.44,0.44,0.43,0.43,220
ok,2024-05-10 07:30:00,0.44,0.44,0.44,0.44,902
ok,2024-05-10 08:00:00,0.44,0.44,0.44,0.44,11348
ok,2024-05-10 08:30:00,0.44,0.44,0.42,0.43,77328
ok,2024-05-10 09:00:00,0.43,0.44,0.42,0.43,26775
ok,2024-05-10 09:30:00,0.43,0.44,0.42,0.44,28752
ok,2024-05-10 10:00:00,0.44,0.44,0.44,0.44,9506
ok,2024-05-10 10:30:00,0.44,0.44,0.44,0.44,19096
ok,2024-05-10 11:00:00,0.44,0.44,0.43,0.44,4649
ok,2024-05-10 11:30:00,0.44,0.44,0.44,0.44,3768
ok,2024-05-10 12:00:00,0.43,0.44,0.43,0.44,2371
ok,2024-05-10 12:30:00,0.44,0.44,0.43,0.44,1900
ok,2024-05-10 13:00:00,0.43,0.44,0.43,0.44,1767
ok,2024-05-10 13:30:00,0.43,0.43,0.43,0.43,16114
ok,2024-05-10 14:00:00,0.43,0.43,0.43,0.43,101
ok,2024-05-10 14:30:00,0.43,0.44,0.43,0.44,15407
ok,2024-05-10 15:00:00,0.42,0.42,0.42,0.42,172
ok,2024-05-10 18:30:00,0.42,0.42,0.42,0.42,3557
ok,2024-05-13 03:00:00,0.41,0.41,0.41,0.41,100
ok,2024-05-13 04:30:00,0.42,0.43,0.42,0.43,630
ok,2024-05-13 05:00:00,0.43,0.43,0.43,0.43,227
ok,2024-05-13 07:30:00,0.42,0.42,0.42,0.42,2300
ok,2024-05-13 08:00:00,0.42,0.42,0.42,0.42,1000
ok,2024-05-13 08:30:00,0.44,0.44,0.42,0.42,22218
ok,2024-05-13 09:00:00,0.42,0.43,0.42,0.43,9154
ok,2024-05-13 09:30:00,0.43,0.43,0.43,0.43,26422
ok,2024-05-13 10:00:00,0.43,0.43,0.43,0.43,7277
ok,2024-05-13 10:30:00,0.43,0.44,0.43,0.43,9606
ok,2024-05-13 11:00:00,0.43,0.43,0.43,0.43,7846
ok,2024-05-13 11:30:00,0.43,0.43,0.43,0.43,331
ok,2024-05-13 12:00:00,0.43,0.43,0.43,0.43,5763
ok,2024-05-13 12:30:00,0.43,0.43,0.43,0.43,900
ok,2024-05-13 13:00:00,0.43,0.44,0.43,0.44,4763
ok,2024-05-13 13:30:00,0.43,0.44,0.43,0.44,3351
ok,2024-05-13 14:00:00,0.44,0.44,0.43,0.43,10191
ok,2024-05-13 14:30:00,0.43,0.44,0.43,0.43,1416
ok,2024-05-13 15:30:00,0.42,0.42,0.42,0.42,1510
ok,2024-05-13 16:00:00,0.42,0.42,0.42,0.42,500
ok,2024-05-13 16:30:00,0.44,0.44,0.44,0.44,100
ok,2024-05-13 17:00:00,0.42,0.42,0.42,0.42,600
ok,2024-05-13 18:30:00,0.44,0.44,0.44,0.44,100
ok,2024-05-14 08:00:00,0.41,0.44,0.41,0.44,2201
ok,2024-05-14 08:30:00,0.44,0.44,0.42,0.42,533
ok,2024-05-14 09:00:00,0.43,0.44,0.42,0.43,8146
ok,2024-05-14 09:30:00,0.44,0.45,0.44,0.44,41478
ok,2024-05-14 10:00:00,0.45,0.45,0.44,0.45,19816
ok,2024-05-14 10:30:00,0.44,0.45,0.44,0.44,5580
ok,2024-05-14 11:00:00,0.44,0.45,0.44,0.44,10476
ok,2024-05-14 11:30:00,0.44,0.44,0.44,0.44,6058
ok,2024-05-14 12:00:00,0.44,0.44,0.44,0.44,5932
ok,2024-05-14 12:30:00,0.44,0.44,0.44,0.44,1006
ok,2024-05-14 13:00:00,0.44,0.45,0.44,0.45,118287
ok,2024-05-14 13:30:00,0.45,0.45,0.44,0.45,7329
ok,2024-05-14 14:00:00,0.45,0.45,0.44,0.44,32240
ok,2024-05-14 14:30:00,0.44,0.45,0.44,0.45,55844
ok,2024-05-14 15:00:00,0.45,0.45,0.4,0.41,8485
ok,2024-05-14 15:30:00,0.45,0.45,0.41,0.45,3416
ok,2024-05-14 16:30:00,0.45,0.45,0.43,0.43,1173
ok,2024-05-15 03:30:00,0.43,0.44,0.43,0.44,1000
ok,2024-05-15 04:00:00,0.41,0.41,0.41,0.41,675
ok,2024-05-15 04:30:00,0.42,0.42,0.42,0.42,164
ok,2024-05-15 08:00:00,0.42,0.44,0.42,0.44,1362
ok,2024-05-15 08:30:00,0.43,0.44,0.42,0.44,55710
ok,2024-05-15 09:00:00,0.44,0.44,0.42,0.44,30182
ok,2024-05-15 09:30:00,0.43,0.43,0.42,0.43,13762
ok,2024-05-15 10:00:00,0.43,0.44,0.43,0.44,4695
ok,2024-05-15 10:30:00,0.43,0.44,0.43,0.43,15560
ok,2024-05-15 11:00:00,0.43,0.43,0.43,0.43,4000
ok,2024-05-15 11:30:00,0.44,0.44,0.43,0.44,1485
ok,2024-05-15 12:00:00,0.44,0.44,0.44,0.44,100
ok,2024-05-15 12:30:00,0.43,0.44,0.43,0.43,2436
ok,2024-05-15 13:00:00,0.43,0.44,0.43,0.43,4344
ok,2024-05-15 13:30:00,0.43,0.44,0.42,0.43,10329
ok,2024-05-15 14:00:00,0.43,0.43,0.43,0.43,1981
ok,2024-05-15 14:30:00,0.42,0.44,0.42,0.44,24099
ok,2024-05-15 15:30:00,0.43,0.43,0.43,0.43,237
ok,2024-05-15 18:30:00,0.43,0.43,0.43,0.43,1100
ok,2024-05-16 03:30:00,0.42,0.43,0.42,0.43,800
ok,2024-05-16 07:00:00,0.41,0.41,0.41,0.41,301
ok,2024-05-16 08:00:00,0.42,0.42,0.42,0.42,500
ok,2024-05-16 08:30:00,0.43,0.44,0.42,0.43,18465
ok,2024-05-16 09:00:00,0.44,0.44,0.43,0.43,303
ok,2024-05-16 09:30:00,0.43,0.43,0.42,0.42,1897
ok,2024-05-16 10:00:00,0.43,0.44,0.43,0.44,32669
ok,2024-05-16 10:30:00,0.44,0.44,0.44,0.44,13395
ok,2024-05-16 11:00:00,0.44,0.44,0.44,0.44,3126
ok,2024-05-16 11:30:00,0.44,0.44,0.43,0.43,5615
ok,2024-05-16 12:00:00,0.44,0.44,0.43,0.43,1800
ok,2024-05-16 12:30:00,0.43,0.43,0.43,0.43,7202
ok,2024-05-16 13:00:00,0.43,0.43,0.43,0.43,1624
ok,2024-05-16 13:30:00,0.43,0.44,0.43,0.43,6402
ok,2024-05-16 14:00:00,0.43,0.44,0.43,0.44,3294
ok,2024-05-16 14:30:00,0.44,0.44,0.44,0.44,1449
ok,2024-05-16 15:00:00,0.44,0.44,0.44,0.44,468
ok,2024-05-16 16:30:00,0.43,0.43,0.43,0.43,100
ok,2024-05-16 17:00:00,0.43,0.43,0.43,0.43,2041
ok,2024-05-16 18:30:00,0.43,0.43,0.43,0.43,1000
ok,2024-05-17 05:00:00,0.43,0.43,0.43,0.43,600
ok,2024-05-17 07:30:00,0.44,0.44,0.43,0.44,2808
ok,2024-05-17 08:00:00,0.44,0.44,0.44,0.44,140
ok,2024-05-17 08:30:00,0.42,0.44,0.42,0.44,12259
ok,2024-05-17 09:00:00,0.43,0.44,0.43,0.44,5550
ok,2024-05-17 09:30:00,0.43,0.43,0.42,0.43,43767
ok,2024-05-17 10:00:00,0.43,0.44,0.43,0.43,21381
ok,2024-05-17 10:30:00,0.42,0.44,0.42,0.44,40231
ok,2024-05-17 11:00:00,0.42,0.42,0.42,0.42,451
ok,2024-05-17 11:30:00,0.43,0.44,0.42,0.42,7665
ok,2024-05-17 12:00:00,0.43,0.43,0.43,0.43,100
ok,2024-05-17 12:30:00,0.42,0.43,0.42,0.43,6314
ok,2024-05-17 13:00:00,0.44,0.44,0.44,0.44,753
ok,2024-05-17 13:30:00,0.42,0.42,0.42,0.42,1000
ok,2024-05-17 14:00:00,0.43,0.43,0.42,0.42,7675
ok,2024-05-17 14:30:00,0.43,0.43,0.42,0.43,8440
ok,2024-05-17 15:00:00,0.42,0.42,0.42,0.42,100
ok,2024-05-17 15:30:00,0.42,0.42,0.41,0.41,2275
ok,2024-05-20 07:30:00,0.43,0.43,0.43,0.43,114
ok,2024-05-20 08:30:00,0.43,0.43,0.42,0.42,34839
ok,2024-05-20 09:00:00,0.42,0.42,0.42,0.42,1044
ok,2024-05-20 09:30:00,0.42,0.42,0.41,0.41,21149
ok,2024-05-20 10:00:00,0.41,0.41,0.41,0.41,22312
ok,2024-05-20 10:30:00,0.41,0.41,0.41,0.41,8688
ok,2024-05-20 11:00:00,0.41,0.41,0.4,0.41,39549
ok,2024-05-20 11:30:00,0.41,0.41,0.41,0.41,3042
ok,2024-05-20 12:00:00,0.41,0.41,0.41,0.41,322
ok,2024-05-20 12:30:00,0.41,0.41,0.41,0.41,3011
ok,2024-05-20 13:00:00,0.41,0.41,0.41,0.41,72705
ok,2024-05-20 13:30:00,0.41,0.41,0.41,0.41,400
ok,2024-05-20 14:00:00,0.41,0.42,0.41,0.42,22509
ok,2024-05-20 14:30:00,0.43,0.43,0.42,0.43,10762
ok,2024-05-20 16:00:00,0.4,0.4,0.4,0.4,1000
ok,2024-05-20 18:30:00,0.41,0.41,0.41,0.41,499
ok,2024-05-21 07:00:00,0.41,0.42,0.41,0.42,326
ok,2024-05-21 08:30:00,0.43,0.43,0.42,0.43,41377
ok,2024-05-21 09:00:00,0.43,0.44,0.42,0.43,23427
ok,2024-05-21 09:30:00,0.44,0.44,0.43,0.43,6292
ok,2024-05-21 10:00:00,0.43,0.43,0.42,0.42,18370
ok,2024-05-21 10:30:00,0.42,0.43,0.42,0.43,3438
ok,2024-05-21 11:00:00,0.42,0.42,0.42,0.42,518
ok,2024-05-21 11:30:00,0.42,0.42,0.41,0.42,2692
ok,2024-05-21 12:00:00,0.42,0.42,0.42,0.42,1500
ok,2024-05-21 12:30:00,0.42,0.42,0.41,0.41,7458
ok,2024-05-21 13:30:00,0.41,0.41,0.41,0.41,8393
ok,2024-05-21 14:00:00,0.41,0.41,0.41,0.41,266
ok,2024-05-21 14:30:00,0.41,0.41,0.41,0.41,2676
ok,2024-05-21 16:00:00,0.4,0.4,0.4,0.4,600
ok,2024-05-21 17:00:00,0.4,0.4,0.4,0.4,750
ok,2024-05-22 08:00:00,0.4,0.4,0.4,0.4,3000
ok,2024-05-22 08:30:00,0.41,0.42,0.4,0.42,82529
ok,2024-05-22 09:00:00,0.42,0.42,0.42,0.42,16316
ok,2024-05-22 09:30:00,0.42,0.42,0.42,0.42,13588
ok,2024-05-22 10:00:00,0.42,0.42,0.42,0.42,7390
ok,2024-05-22 10:30:00,0.42,0.42,0.42,0.42,911
ok,2024-05-22 11:00:00,0.42,0.42,0.42,0.42,6023
ok,2024-05-22 11:30:00,0.42,0.42,0.42,0.42,127
ok,2024-05-22 12:00:00,0.42,0.42,0.42,0.42,8221
ok,2024-05-22 12:30:00,0.42,0.43,0.42,0.43,6212
ok,2024-05-22 13:30:00,0.42,0.42,0.42,0.42,2169
ok,2024-05-22 14:00:00,0.42,0.42,0.42,0.42,13658
ok,2024-05-22 14:30:00,0.42,0.42,0.42,0.42,1047
ok,2024-05-22 15:00:00,0.42,0.43,0.42,0.43,11636
ok,2024-05-23 07:00:00,0.44,0.44,0.42,0.42,248
ok,2024-05-23 08:30:00,0.42,0.44,0.42,0.43,9554
ok,2024-05-23 09:00:00,0.44,0.44,0.41,0.42,11206
ok,2024-05-23 09:30:00,0.41,0.42,0.41,0.42,6727
ok,2024-05-23 10:00:00,0.42,0.42,0.42,0.42,955
ok,2024-05-23 10:30:00,0.43,0.43,0.43,0.43,266
ok,2024-05-23 11:00:00,0.42,0.42,0.42,0.42,3700
ok,2024-05-23 11:30:00,0.42,0.42,0.41,0.41,13101
ok,2024-05-23 12:00:00,0.41,0.41,0.41,0.41,1000
ok,2024-05-23 12:30:00,0.41,0.41,0.41,0.41,467
ok,2024-05-23 13:00:00,0.41,0.41,0.41,0.41,2154
ok,2024-05-23 13:30:00,0.41,0.41,0.41,0.41,200
ok,2024-05-23 14:00:00,0.41,0.41,0.41,0.41,35301
ok,2024-05-23 14:30:00,0.41,0.42,0.41,0.41,3683
ok,2024-05-23 16:00:00,0.41,0.41,0.41,0.41,709
ok,2024-05-23 18:30:00,0.41,0.41,0.41,0.41,4600
ok,2024-05-24 07:30:00,0.41,0.41,0.41,0.41,5677
ok,2024-05-24 08:00:00,0.41,0.41,0.41,0.41,127
ok,2024-05-24 08:30:00,0.41,0.42,0.41,0.42,604
ok,2024-05-24 09:00:00,0.42,0.42,0.42,0.42,101
ok,2024-05-24 09:30:00,0.41,0.41,0.41,0.41,2449
ok,2024-05-24 10:00:00,0.42,0.42,0.41,0.42,5549
ok,2024-05-24 10:30:00,0.42,0.42,0.41,0.41,18008
ok,2024-05-24 11:00:00,0.41,0.41,0.41,0.41,101
ok,2024-05-24 11:30:00,0.41,0.41,0.41,0.41,4900
ok,2024-05-24 12:30:00,0.41,0.41,0.41,0.41,23000
ok,2024-05-24 13:00:00,0.41,0.41,0.41,0.41,1100
ok,2024-05-24 13:30:00,0.41,0.41,0.41,0.41,1706
ok,2024-05-24 14:00:00,0.41,0.41,0.41,0.41,572
ok,2024-05-24 16:30:00,0.42,0.42,0.42,0.42,100
ok,2024-05-28 07:00:00,0.42,0.42,0.41,0.41,11000
ok,2024-05-28 07:30:00,0.43,0.43,0.41,0.41,1700
ok,2024-05-28 08:30:00,0.41,0.41,0.41,0.41,1636
ok,2024-05-28 09:00:00,0.41,0.43,0.41,0.42,33322
ok,2024-05-28 09:30:00,0.41,0.42,0.41,0.41,13301
ok,2024-05-28 10:00:00,0.42,0.42,0.42,0.42,100
ok,2024-05-28 10:30:00,0.41,0.41,0.41,0.41,500
ok,2024-05-28 11:30:00,0.41,0.41,0.41,0.41,525
ok,2024-05-28 12:00:00,0.41,0.41,0.41,0.41,534
ok,2024-05-28 12:30:00,0.41,0.41,0.41,0.41,5000
ok,2024-05-28 14:00:00,0.42,0.42,0.42,0.42,400
ok,2024-05-28 14:30:00,0.41,0.41,0.41,0.41,7238
ok,2024-05-28 15:30:00,0.41,0.41,0.41,0.41,300
ok,2024-05-29 03:00:00,0.41,0.41,0.41,0.41,200
ok,2024-05-29 07:30:00,0.42,0.43,0.41,0.42,168730
ok,2024-05-29 08:00:00,0.42,0.42,0.42,0.42,86772
ok,2024-05-29 08:30:00,0.42,0.42,0.42,0.42,716380
ok,2024-05-29 09:00:00,0.42,0.42,0.42,0.42,76286
ok,2024-05-29 09:30:00,0.42,0.42,0.42,0.42,420340
ok,2024-05-29 10:00:00,0.42,0.42,0.42,0.42,2401912
ok,2024-05-29 10:30:00,0.42,0.42,0.42,0.42,816737
ok,2024-05-29 11:00:00,0.42,0.42,0.42,0.42,142929
ok,2024-05-29 11:30:00,0.42,0.42,0.42,0.42,6350
ok,2024-05-29 12:00:00,0.42,0.42,0.42,0.42,45551
ok,2024-05-29 12:30:00,0.42,0.42,0.42,0.42,196178
ok,2024-05-29 13:00:00,0.42,0.42,0.42,0.42,83803
ok,2024-05-29 13:30:00,0.42,0.42,0.42,0.42,115703
ok,2024-05-29 14:00:00,0.42,0.42,0.42,0.42,172392
ok,2024-05-29 14:30:00,0.42,0.42,0.42,0.42,131790
ok,2024-05-29 15:30:00,0.42,0.42,0.42,0.42,9012
ok,2024-05-29 17:00:00,0.42,0.42,0.42,0.42,1000
ok,2024-05-29 18:30:00,0.42,0.42,0.42,0.42,400
ok,2024-05-30 06:00:00,0.42,0.42,0.42,0.42,13560
ok,2024-05-30 07:00:00,0.42,0.42,0.42,0.42,10013
ok,2024-05-30 08:30:00,0.42,0.42,0.42,0.42,268105
ok,2024-05-30 09:00:00,0.42,0.42,0.42,0.42,324929
ok,2024-05-30 09:30:00,0.42,0.42,0.42,0.42,65046
ok,2024-05-30 10:00:00,0.42,0.42,0.42,0.42,39446
ok,2024-05-30 10:30:00,0.42,0.42,0.42,0.42,115349
ok,2024-05-30 11:00:00,0.42,0.42,0.42,0.42,46093
ok,2024-05-30 11:30:00,0.42,0.42,0.42,0.42,81023
ok,2024-05-30 12:00:00,0.42,0.42,0.42,0.42,66851
ok,2024-05-30 12:30:00,0.42,0.42,0.42,0.42,64017
ok,2024-05-30 13:00:00,0.42,0.42,0.42,0.42,57519
ok,2024-05-30 13:30:00,0.42,0.42,0.42,0.42,47243
ok,2024-05-30 14:00:00,0.42,0.42,0.42,0.42,87813
ok,2024-05-30 14:30:00,0.42,0.42,0.42,0.42,48432
ok,2024-05-30 15:30:00,0.42,0.42,0.42,0.42,2000
ok,2024-05-30 18:30:00,0.42,0.42,0.42,0.42,125
ok,2024-05-31 04:00:00,0.42,0.42,0.42,0.42,200
ok,2024-05-31 06:00:00,0.42,0.42,0.42,0.42,900
ok,2024-05-31 07:00:00,0.42,0.42,0.42,0.42,791
ok,2024-05-31 08:30:00,0.42,0.42,0.42,0.42,39691
ok,2024-05-31 09:00:00,0.42,0.42,0.42,0.42,9489
ok,2024-05-31 09:30:00,0.42,0.42,0.42,0.42,2750
ok,2024-05-31 10:00:00,0.42,0.42,0.42,0.42,6312
ok,2024-05-31 10:30:00,0.42,0.42,0.42,0.42,13068
ok,2024-05-31 11:00:00,0.42,0.42,0.42,0.42,986
ok,2024-05-31 11:30:00,0.42,0.42,0.42,0.42,464
ok,2024-05-31 12:00:00,0.42,0.42,0.42,0.42,1136
ok,2024-05-31 12:30:00,0.42,0.42,0.42,0.42,95362
ok,2024-05-31 13:00:00,0.42,0.42,0.42,0.42,623
ok,2024-05-31 13:30:00,0.42,0.42,0.42,0.42,8386
ok,2024-05-31 14:00:00,0.42,0.42,0.42,0.42,985
ok,2024-05-31 14:30:00,0.42,0.42,0.42,0.42,51447
ok,2024-05-31 15:00:00,0.42,0.42,0.42,0.42,453
ok,2024-05-31 15:30:00,0.42,0.55,0.41,0.42,6287149
ok,2024-05-31 16:00:00,0.42,0.42,0.41,0.41,337394
ok,2024-05-31 16:30:00,0.41,0.42,0.41,0.42,68403
ok,2024-05-31 17:00:00,0.42,0.42,0.42,0.42,67679
ok,2024-05-31 17:30:00,0.42,0.42,0.42,0.42,7617
ok,2024-05-31 18:00:00,0.42,0.42,0.42,0.42,6722
ok,2024-05-31 18:30:00,0.42,0.42,0.42,0.42,28947
ok,2024-06-03 03:00:00,0.42,0.42,0.41,0.41,39686
ok,2024-06-03 03:30:00,0.42,0.42,0.42,0.42,200
ok,2024-06-03 04:00:00,0.42,0.42,0.41,0.41,2347
ok,2024-06-03 05:00:00,0.42,0.42,0.42,0.42,1918
ok,2024-06-03 05:30:00,0.42,0.42,0.42,0.42,150
ok,2024-06-03 06:00:00,0.41,0.41,0.41,0.41,30064
ok,2024-06-03 06:30:00,0.41,0.42,0.41,0.42,26654
ok,2024-06-03 07:00:00,0.41,0.42,0.41,0.41,74419
ok,2024-06-03 07:30:00,0.42,0.42,0.41,0.42,4105
ok,2024-06-03 08:00:00,0.42,0.42,0.41,0.41,9473
ok,2024-06-03 08:30:00,0.42,0.42,0.42,0.42,181806
ok,2024-06-03 09:00:00,0.42,0.42,0.41,0.42,528293
ok,2024-06-03 09:30:00,0.42,0.42,0.42,0.42,14604
ok,2024-06-03 10:00:00,0.42,0.42,0.41,0.42,311912
ok,2024-06-03 10:30:00,0.42,0.42,0.42,0.42,1736
ok,2024-06-03 11:00:00,0.42,0.42,0.42,0.42,50526
ok,2024-06-03 11:30:00,0.42,0.42,0.42,0.42,13373
ok,2024-06-03 12:00:00,0.42,0.42,0.42,0.42,32900
ok,2024-06-03 12:30:00,0.42,0.42,0.42,0.42,3568
ok,2024-06-03 13:00:00,0.42,0.42,0.42,0.42,715
ok,2024-06-03 13:30:00,0.42,0.42,0.42,0.42,20772
ok,2024-06-03 14:00:00,0.42,0.42,0.42,0.42,173832
ok,2024-06-03 14:30:00,0.42,0.42,0.42,0.42,16704
ok,2024-06-03 15:00:00,0.41,0.41,0.41,0.41,1390
ok,2024-06-03 16:30:00,0.42,0.42,0.42,0.42,1000
ok,2024-06-03 17:30:00,0.42,0.42,0.42,0.42,4000
ok,2024-06-03 18:00:00,0.42,0.42,0.42,0.42,900
ok,2024-06-03 18:30:00,0.42,0.42,0.41,0.42,13150
ok,2024-06-04 07:00:00,0.42,0.42,0.42,0.42,5100
ok,2024-06-04 08:30:00,0.42,0.42,0.41,0.41,142293
ok,2024-06-04 09:00:00,0.42,0.42,0.41,0.41,28025
ok,2024-06-04 09:30:00,0.41,0.42,0.41,0.42,5850
ok,2024-06-04 10:00:00,0.42,0.42,0.42,0.42,51360
ok,2024-06-04 10:30:00,0.42,0.42,0.42,0.42,100
ok,2024-06-04 11:00:00,0.42,0.42,0.42,0.42,24706
ok,2024-06-04 11:30:00,0.42,0.42,0.42,0.42,5234
ok,2024-06-04 12:00:00,0.42,0.42,0.41,0.42,11339
ok,2024-06-04 13:00:00,0.41,0.42,0.41,0.42,6105
ok,2024-06-04 13:30:00,0.42,0.42,0.42,0.42,1610
ok,2024-06-04 14:00:00,0.42,0.42,0.42,0.42,12627
ok,2024-06-04 14:30:00,0.42,0.42,0.42,0.42,27296
ok,2024-06-04 17:30:00,0.41,0.41,0.41,0.41,150
ok,2024-06-04 18:00:00,0.42,0.42,0.42,0.42,100
ok,2024-06-05 03:00:00,0.41,0.41,0.41,0.41,200
ok,2024-06-05 04:00:00,0.41,0.41,0.41,0.41,11011
ok,2024-06-05 08:00:00,0.41,0.42,0.41,0.41,1101
ok,2024-06-05 08:30:00,0.42,0.42,0.42,0.42,52791
ok,2024-06-05 09:00:00,0.42,0.42,0.42,0.42,62114
ok,2024-06-05 09:30:00,0.42,0.42,0.42,0.42,12939
ok,2024-06-05 10:00:00,0.42,0.42,0.42,0.42,1920
ok,2024-06-05 10:30:00,0.42,0.42,0.42,0.42,3291
ok,2024-06-05 11:00:00,0.42,0.42,0.42,0.42,1013
ok,2024-06-05 11:30:00,0.42,0.42,0.42,0.42,2080
ok,2024-06-05 12:00:00,0.42,0.42,0.42,0.42,4528
ok,2024-06-05 12:30:00,0.42,0.42,0.42,0.42,1932
ok,2024-06-05 13:00:00,0.42,0.42,0.42,0.42,32132
ok,2024-06-05 13:30:00,0.42,0.42,0.42,0.42,62871
ok,2024-06-05 14:00:00,0.42,0.43,0.42,0.43,92858
ok,2024-06-05 14:30:00,0.43,0.43,0.42,0.42,40213
ok,2024-06-05 15:00:00,0.42,0.42,0.42,0.42,1000
ok,2024-06-05 16:00:00,0.42,0.42,0.42,0.42,370
ok,2024-06-05 16:30:00,0.42,0.42,0.42,0.42,200
ok,2024-06-05 17:30:00,0.42,0.42,0.42,0.42,2452
ok,2024-06-06 05:00:00,0.42,0.42,0.42,0.42,773
ok,2024-06-06 06:00:00,0.42,0.42,0.42,0.42,500
ok,2024-06-06 07:00:00,0.42,0.42,0.42,0.42,500
ok,2024-06-06 08:00:00,0.42,0.42,0.42,0.42,1759
ok,2024-06-06 08:30:00,0.42,0.42,0.42,0.42,4229
ok,2024-06-06 09:00:00,0.42,0.42,0.42,0.42,23356
ok,2024-06-06 09:30:00,0.42,0.42,0.42,0.42,45748
ok,2024-06-06 10:00:00,0.42,0.42,0.42,0.42,8109
ok,2024-06-06 10:30:00,0.42,0.42,0.41,0.41,34152
ok,2024-06-06 11:00:00,0.42,0.42,0.42,0.42,4200
ok,2024-06-06 12:30:00,0.42,0.42,0.42,0.42,138628
ok,2024-06-06 13:00:00,0.42,0.42,0.42,0.42,11200
ok,2024-06-06 13:30:00,0.42,0.42,0.42,0.42,319
ok,2024-06-06 14:00:00,0.42,0.42,0.42,0.42,350
ok,2024-06-06 14:30:00,0.42,0.42,0.42,0.42,27677
ok,2024-06-06 15:00:00,0.41,0.42,0.41,0.42,2400
ok,2024-06-06 18:30:00,0.42,0.42,0.42,0.42,5250
ok,2024-06-07 03:00:00,0.41,0.41,0.41,0.41,100
ok,2024-06-07 07:00:00,0.41,0.41,0.41,0.41,200
ok,2024-06-07 08:30:00,0.42,0.42,0.42,0.42,4028
ok,2024-06-07 09:00:00,0.42,0.42,0.42,0.42,8620
ok,2024-06-07 09:30:00,0.42,0.42,0.42,0.42,54536
ok,2024-06-07 10:00:00,0.42,0.42,0.42,0.42,33840
ok,2024-06-07 10:30:00,0.42,0.42,0.42,0.42,5366
ok,2024-06-07 11:00:00,0.42,0.42,0.42,0.42,2160
ok,2024-06-07 11:30:00,0.42,0.42,0.42,0.42,100
ok,2024-06-07 12:00:00,0.42,0.42,0.42,0.42,800
ok,2024-06-07 12:30:00,0.42,0.42,0.42,0.42,5908
ok,2024-06-07 13:00:00,0.42,0.42,0.42,0.42,25776
ok,2024-06-07 13:30:00,0.42,0.42,0.42,0.42,2468
ok,2024-06-07 14:00:00,0.42,0.42,0.42,0.42,7374
ok,2024-06-07 14:30:00,0.42,0.42,0.42,0.42,3117
ok,2024-06-07 15:00:00,0.42,0.42,0.42,0.42,480
ok,2024-06-10 03:00:00,0.42,0.42,0.42,0.42,702
ok,2024-06-10 06:00:00,0.42,0.42,0.42,0.42,3557
ok,2024-06-10 07:00:00,0.42,0.42,0.42,0.42,7550
ok,2024-06-10 08:00:00,0.42,0.42,0.42,0.42,500
ok,2024-06-10 08:30:00,0.42,0.42,0.42,0.42,190671
ok,2024-06-10 09:00:00,0.42,0.42,0.42,0.42,38979
ok,2024-06-10 09:30:00,0.42,0.42,0.42,0.42,26795
ok,2024-06-10 10:00:00,0.42,0.42,0.42,0.42,29018
ok,2024-06-10 10:30:00,0.42,0.42,0.42,0.42,5060
ok,2024-06-10 11:00:00,0.42,0.42,0.42,0.42,6855
ok,2024-06-10 11:30:00,0.42,0.42,0.42,0.42,1914
ok,2024-06-10 12:00:00,0.42,0.42,0.42,0.42,2906
ok,2024-06-10 12:30:00,0.42,0.42,0.42,0.42,2200
ok,2024-06-10 13:00:00,0.42,0.42,0.42,0.42,28888
ok,2024-06-10 13:30:00,0.42,0.42,0.42,0.42,8823
ok,2024-06-10 14:00:00,0.42,0.42,0.42,0.42,16159
ok,2024-06-10 14:30:00,0.42,0.42,0.42,0.42,31955
ok,2024-06-10 15:30:00,0.42,0.42,0.42,0.42,100
ok,2024-06-10 18:00:00,0.42,0.42,0.42,0.42,600
ok,2024-06-11 06:00:00,0.42,0.42,0.42,0.42,3100
ok,2024-06-11 07:30:00,0.42,0.42,0.42,0.42,500
ok,2024-06-11 08:30:00,0.42,0.42,0.42,0.42,3520
ok,2024-06-11 09:00:00,0.42,0.43,0.42,0.42,81729
ok,2024-06-11 09:30:00,0.42,0.42,0.42,0.42,50300
ok,2024-06-11 10:30:00,0.43,0.43,0.42,0.43,52884
ok,2024-06-11 11:00:00,0.43,0.43,0.42,0.42,24119
ok,2024-06-11 11:30:00,0.43,0.43,0.42,0.43,145031
ok,2024-06-11 12:00:00,0.42,0.43,0.42,0.43,54030
ok,2024-06-11 12:30:00,0.42,0.43,0.42,0.43,63680
ok,2024-06-11 13:00:00,0.43,0.43,0.43,0.43,2723
ok,2024-06-11 13:30:00,0.43,0.43,0.43,0.43,16891
ok,2024-06-11 14:00:00,0.43,0.43,0.43,0.43,40940
ok,2024-06-11 14:30:00,0.43,0.43,0.43,0.43,13252
ok,2024-06-11 15:00:00,0.43,0.43,0.42,0.42,365
ok,2024-06-12 07:00:00,0.43,0.43,0.43,0.43,1400
ok,2024-06-12 08:30:00,0.43,0.43,0.43,0.43,20188
ok,2024-06-12 09:00:00,0.43,0.43,0.42,0.42,138898
ok,2024-06-12 09:30:00,0.42,0.42,0.42,0.42,31219
ok,2024-06-12 10:00:00,0.42,0.43,0.42,0.43,17142
ok,2024-06-12 10:30:00,0.42,0.43,0.42,0.42,10766
ok,2024-06-12 11:00:00,0.42,0.43,0.42,0.43,1994
ok,2024-06-12 11:30:00,0.42,0.42,0.42,0.42,3919
ok,2024-06-12 12:00:00,0.42,0.42,0.42,0.42,662
ok,2024-06-12 12:30:00,0.42,0.42,0.42,0.42,1999
ok,2024-06-12 13:00:00,0.43,0.43,0.42,0.42,12437
ok,2024-06-12 13:30:00,0.43,0.43,0.42,0.42,8024
ok,2024-06-12 14:00:00,0.42,0.42,0.42,0.42,300
ok,2024-06-12 14:30:00,0.42,0.42,0.42,0.42,6840
ok,2024-06-12 15:00:00,0.42,0.42,0.42,0.42,8000
ok,2024-06-12 15:30:00,0.42,0.42,0.42,0.42,100
ok,2024-06-12 16:30:00,0.42,0.42,0.42,0.42,100
ok,2024-06-13 08:30:00,0.42,0.42,0.42,0.42,1789
ok,2024-06-13 09:00:00,0.42,0.42,0.42,0.42,3223
ok,2024-06-13 09:30:00,0.42,0.42,0.42,0.42,10861
ok,2024-06-13 10:00:00,0.42,0.42,0.42,0.42,51713
ok,2024-06-13 10:30:00,0.42,0.42,0.42,0.42,30472
ok,2024-06-13 11:00:00,0.42,0.42,0.42,0.42,105
ok,2024-06-13 11:30:00,0.42,0.43,0.42,0.43,2340
ok,2024-06-13 12:00:00,0.43,0.43,0.43,0.43,19716
ok,2024-06-13 12:30:00,0.43,0.43,0.42,0.42,403
ok,2024-06-13 13:00:00,0.42,0.43,0.42,0.42,7800
ok,2024-06-13 13:30:00,0.42,0.42,0.42,0.42,732
ok,2024-06-13 14:00:00,0.42,0.43,0.42,0.42,67137
ok,2024-06-13 14:30:00,0.42,0.42,0.42,0.42,1214
ok,2024-06-13 16:00:00,0.42,0.42,0.42,0.42,1250
ok,2024-06-14 08:30:00,0.42,0.42,0.42,0.42,2444
ok,2024-06-14 09:00:00,0.43,0.43,0.42,0.42,742
ok,2024-06-14 09:30:00,0.42,0.42,0.42,0.42,165
ok,2024-06-14 10:00:00,0.43,0.43,0.42,0.42,1702
ok,2024-06-14 10:30:00,0.42,0.43,0.42,0.43,5371
ok,2024-06-14 11:00:00,0.42,0.42,0.42,0.42,1270
ok,2024-06-14 11:30:00,0.42,0.42,0.42,0.42,35531
ok,2024-06-14 12:00:00,0.42,0.42,0.42,0.42,41680
ok,2024-06-14 12:30:00,0.42,0.42,0.42,0.42,15770
ok,2024-06-14 13:00:00,0.42,0.42,0.42,0.42,1612
ok,2024-06-14 13:30:00,0.42,0.42,0.42,0.42,982
ok,2024-06-14 14:00:00,0.42,0.42,0.42,0.42,6755
ok,2024-06-14 14:30:00,0.42,0.42,0.42,0.42,1454
ok,2024-06-14 15:30:00,0.42,0.42,0.42,0.42,4400
ok,2024-06-17 05:30:00,0.43,0.43,0.43,0.43,500
ok,2024-06-17 06:00:00,0.43,0.43,0.43,0.43,1000
ok,2024-06-17 08:00:00,0.42,0.42,0.42,0.42,2000
ok,2024-06-17 08:30:00,0.42,0.42,0.42,0.42,3071
ok,2024-06-17 09:00:00,0.42,0.43,0.42,0.42,17721
ok,2024-06-17 09:30:00,0.42,0.43,0.42,0.42,20489
ok,2024-06-17 10:00:00,0.43,0.43,0.42,0.42,13735
ok,2024-06-17 10:30:00,0.42,0.42,0.42,0.42,2331
ok,2024-06-17 11:00:00,0.42,0.43,0.42,0.43,200
ok,2024-06-17 11:30:00,0.42,0.42,0.42,0.42,11611
ok,2024-06-17 12:00:00,0.42,0.42,0.42,0.42,38148
ok,2024-06-17 12:30:00,0.42,0.43,0.42,0.42,3901
ok,2024-06-17 13:00:00,0.42,0.42,0.42,0.42,3041
ok,2024-06-17 13:30:00,0.42,0.43,0.42,0.42,2102
ok,2024-06-17 14:00:00,0.42,0.43,0.42,0.43,2674
ok,2024-06-17 14:30:00,0.42,0.42,0.42,0.42,351
ok,2024-06-17 15:30:00,0.42,0.42,0.42,0.42,1000
ok,2024-06-18 06:00:00,0.42,0.42,0.42,0.42,484
ok,2024-06-18 06:30:00,0.42,0.42,0.42,0.42,200
ok,2024-06-18 08:00:00,0.42,0.42,0.42,0.42,1909
ok,2024-06-18 08:30:00,0.42,0.42,0.42,0.42,6334
ok,2024-06-18 09:00:00,0.42,0.43,0.42,0.42,40317
ok,2024-06-18 09:30:00,0.42,0.43,0.42,0.43,29476
ok,2024-06-18 10:30:00,0.42,0.42,0.42,0.42,1121
ok,2024-06-18 11:00:00,0.43,0.43,0.42,0.42,3700
ok,2024-06-18 12:00:00,0.42,0.42,0.42,0.42,400
ok,2024-06-18 12:30:00,0.43,0.43,0.43,0.43,3000
ok,2024-06-18 13:00:00,0.42,0.42,0.42,0.42,19289
ok,2024-06-18 13:30:00,0.43,0.43,0.42,0.42,400
ok,2024-06-18 14:00:00,0.42,0.42,0.42,0.42,970
ok,2024-06-18 14:30:00,0.42,0.43,0.42,0.42,24138
ok,2024-06-18 15:00:00,0.43,0.53,0.41,0.42,4418909
ok,2024-06-18 15:30:00,0.42,0.42,0.42,0.42,244258
ok,2024-06-18 16:00:00,0.42,0.42,0.42,0.42,61519
ok,2024-06-18 16:30:00,0.42,0.42,0.42,0.42,64967
ok,2024-06-18 17:00:00,0.42,0.42,0.42,0.42,35694
ok,2024-06-18 17:30:00,0.42,0.42,0.42,0.42,12888
ok,2024-06-18 18:00:00,0.42,0.42,0.42,0.42,88139
ok,2024-06-18 18:30:00,0.42,0.42,0.41,0.41,78950
ok,2024-06-20 03:00:00,0.41,0.42,0.41,0.42,27962
ok,2024-06-20 03:30:00,0.42,0.42,0.42,0.42,10887
ok,2024-06-20 04:00:00,0.42,0.42,0.42,0.42,1600
ok,2024-06-20 04:30:00,0.42,0.42,0.42,0.42,500
ok,2024-06-20 05:00:00,0.42,0.42,0.42,0.42,2957
ok,2024-06-20 05:30:00,0.42,0.42,0.42,0.42,1786
ok,2024-06-20 06:00:00,0.42,0.42,0.42,0.42,3728
ok,2024-06-20 06:30:00,0.42,0.42,0.42,0.42,776
ok,2024-06-20 07:00:00,0.42,0.46,0.41,0.42,55444
ok,2024-06-20 07:30:00,0.42,0.43,0.42,0.42,73060
ok,2024-06-20 08:00:00,0.42,0.42,0.42,0.42,4651
ok,2024-06-20 08:30:00,0.42,0.43,0.42,0.43,133558
ok,2024-06-20 09:00:00,0.43,0.43,0.42,0.42,30040
ok,2024-06-20 09:30:00,0.43,0.43,0.42,0.42,6471
ok,2024-06-20 10:00:00,0.42,0.43,0.42,0.42,10371
ok,2024-06-20 10:30:00,0.42,0.43,0.42,0.42,50241
ok,2024-06-20 11:00:00,0.42,0.43,0.42,0.42,6112
ok,2024-06-20 11:30:00,0.42,0.43,0.42,0.42,4242
ok,2024-06-20 12:00:00,0.42,0.42,0.42,0.42,10350
ok,2024-06-20 12:30:00,0.42,0.43,0.42,0.43,10226
ok,2024-06-20 13:00:00,0.43,0.43,0.42,0.43,2963
ok,2024-06-20 13:30:00,0.42,0.42,0.42,0.42,10100
ok,2024-06-20 14:00:00,0.42,0.43,0.42,0.43,2704
ok,2024-06-20 14:30:00,0.43,0.43,0.42,0.42,29781
ok,2024-06-20 15:00:00,0.42,0.42,0.42,0.42,1100
ok,2024-06-20 15:30:00,0.42,0.42,0.42,0.42,24445
ok,2024-06-20 16:00:00,0.42,0.42,0.42,0.42,3440
ok,2024-06-20 16:30:00,0.42,0.42,0.42,0.42,250
ok,2024-06-20 17:00:00,0.42,0.42,0.42,0.42,200
ok,2024-06-20 17:30:00,0.42,0.42,0.42,0.42,507
ok,2024-06-20 18:00:00,0.42,0.42,0.42,0.42,600
ok,2024-06-21 03:00:00,0.42,0.42,0.42,0.42,3000
ok,2024-06-21 03:30:00,0.43,0.43,0.43,0.43,620
ok,2024-06-21 07:00:00,0.42,0.42,0.42,0.42,340
ok,2024-06-21 08:30:00,0.42,0.42,0.42,0.42,15406
ok,2024-06-21 09:00:00,0.42,0.42,0.42,0.42,3245
ok,2024-06-21 09:30:00,0.42,0.43,0.42,0.43,16243
ok,2024-06-21 10:00:00,0.42,0.42,0.42,0.42,9850
ok,2024-06-21 10:30:00,0.42,0.42,0.42,0.42,2902
ok,2024-06-21 11:00:00,0.43,0.43,0.42,0.42,1012
ok,2024-06-21 11:30:00,0.42,0.42,0.42,0.42,21715
ok,2024-06-21 12:00:00,0.42,0.42,0.42,0.42,700
ok,2024-06-21 12:30:00,0.42,0.42,0.42,0.42,801
ok,2024-06-21 13:00:00,0.42,0.43,0.42,0.43,1905
ok,2024-06-21 13:30:00,0.42,0.42,0.42,0.42,2005
ok,2024-06-21 14:00:00,0.42,0.43,0.42,0.43,1445
ok,2024-06-21 14:30:00,0.43,0.43,0.42,0.42,28552
ok,2024-06-21 16:30:00,0.42,0.42,0.42,0.42,150
ok,2024-06-21 17:00:00,0.42,0.42,0.42,0.42,1000
ok,2024-06-21 18:00:00,0.43,0.43,0.43,0.43,250
